translation_gain,rotation_gain,damping,horizon_s,simulated_time_s,steps,final_position_error_norm,final_rotation_error_norm,position_rms_error,rotation_rms_error,peak_position_error_norm,peak_rotation_error_norm,settling_time_s,target_reached,target_reached_time_s,mean_joint_velocity_norm,max_joint_velocity_norm,control_smoothness,oscillation_metric,mean_min_singular_value,min_min_singular_value,max_condition_number,mean_manipulability,diverged,failure_reason,score
0.0,0.0,0.01,5.0,5.001999999999671,2501,0.46727267621035545,1.571180565035045,0.5921368560785643,1.5713384644600101,0.6496412422013246,1.5721765092473754,nan,False,nan,0.013439122749280212,0.04482844777641956,5.502975668244875e-05,4.179132749950639,0.030785205421551706,0.028158574300843446,68.61677253795006,0.018996722322152507,False,,75.69398028279139
0.0,0.0,0.03,5.0,5.001999999999671,2501,0.46727267621035545,1.571180565035045,0.5921368560785643,1.5713384644600101,0.6496412422013246,1.5721765092473754,nan,False,nan,0.013439122749280212,0.04482844777641956,5.502975668244875e-05,4.179132749950639,0.030785205421551706,0.028158574300843446,68.61677253795006,0.018996722322152507,False,,75.69398028279139
0.0,2.0,0.01,5.0,5.001999999999671,2501,1.0440212336273078,2.736981928699604,0.969024377621149,2.3128383781092454,1.1232174188602648,3.140929445424609,nan,False,nan,1.9376528918648248,2.46575166199003,0.10179310207465192,0.8282330711598758,0.01866572375308092,7.193517681266487e-05,25913.726451243638,0.004720218013472381,False,,122.23086476004414
0.0,2.0,0.03,5.0,5.001999999999671,2501,1.2497246710904018,2.2917766852010026,0.9887987196156953,2.1747384515112045,1.2497246710904018,3.1412506277129784,nan,False,nan,1.958045492255208,2.440304245765645,0.023336748099943204,2.1977386955252,0.009586259285895576,0.00033706178706666867,5715.745053139036,0.004907706166044419,False,,124.20221411245171
0.0,4.0,0.01,5.0,5.001999999999671,2501,1.0576259033346924,2.7159580453564067,0.9723404830143823,2.3099757909554826,1.1307170876869521,3.141545372441403,nan,False,nan,1.9563907715443214,2.462670879948557,0.20805591493479283,0.8504934308955582,0.018240240009325958,6.320419897188171e-05,29274.254209712297,0.004638252012906834,False,,122.55282517455653
0.0,4.0,0.03,5.0,5.001999999999671,2501,1.082710362865054,2.8909166732146665,0.9704212045523288,2.247103532566366,1.1448295392979002,3.1411708990299587,nan,False,nan,1.9839248335795403,2.488680269315446,0.02966557750411231,0.8276420300782049,0.008518615373019588,0.0003515597123025007,5480.440351283028,0.003787942753598593,False,,121.85964759457254
0.0,6.0,0.01,5.0,5.001999999999671,2501,1.0216155895053147,2.31609728190537,0.9386392105313427,2.2099666950600327,1.0533095468476603,3.141497327404891,nan,False,nan,1.9534581510712543,2.5042920185189046,0.23144385980341695,2.3335534046134354,0.01697928922382934,3.808803544828102e-05,48309.67529670014,0.00853122781616287,False,,118.06367365328
0.0,6.0,0.03,5.0,5.001999999999671,2501,1.079613088341231,2.919917386447096,0.9690663818681303,2.256922584865618,1.1383009202814307,3.141562194044723,nan,False,nan,1.9934624383081339,2.497310808528342,0.03850074704491084,0.7598397718357103,0.00861089277057837,0.0003499955865349379,5504.747782599238,0.003790185767594294,False,,121.77140117553786
0.0,8.0,0.01,5.0,5.001999999999671,2501,1.0592634608232216,2.713121241512563,0.9720696492532381,2.3095945801305597,1.1322801173095658,3.140913216433318,nan,False,nan,1.960092425390589,2.4607902380825446,0.2427101447361224,0.8486690079219934,0.01811404095974066,5.322071616474902e-05,34715.93744332612,0.004604763923253673,False,,122.55543788503971
0.0,8.0,0.03,5.0,5.001999999999671,2501,1.0776317209079842,2.9246025448628634,0.9690008221257789,2.2570743385601864,1.1375630502747078,3.141484029264519,nan,False,nan,2.0167343004693357,2.4968711494558686,0.06904973585722103,0.7653318515608468,0.008661102813226112,0.0003652595831811201,5275.003223499263,0.0038124201500546622,False,,121.75900901593667
0.0,10.0,0.01,5.0,5.001999999999671,2501,0.9910077316297897,2.004625512642925,0.9367907081617405,2.2289965265974314,1.0494527500470878,3.141545107872109,nan,False,nan,1.9544068056028312,2.5051783827052425,0.2415739742856559,3.8731012261073334,0.017879746283112608,3.572404920566579e-05,51505.338342405725,0.008770261334207302,False,,118.42260292531833
0.0,10.0,0.03,5.0,5.001999999999671,2501,1.078642706927157,2.915871023540081,0.9697969857607764,2.252389040306436,1.1405525627511774,3.1413858118943185,nan,False,nan,2.0258481116389526,2.4885858291361718,0.07995836482186926,0.8007585695117561,0.008592942943521772,0.0003603230485108684,5347.176942646628,0.003801127447077866,False,,121.81062799052738
0.0,12.0,0.01,5.0,5.001999999999671,2501,0.9906337551713963,2.0780744832487748,0.9358021060359585,2.224983150277554,1.0483008613790972,3.1415298716581375,nan,False,nan,1.9528325180825876,2.505241150260217,0.2458790091603598,3.3369985233317463,0.01782313896973849,3.318129733600208e-05,55565.04515737028,0.008777830509432517,False,,118.18027818032562
0.0,12.0,0.03,5.0,5.001999999999671,2501,1.087228184394612,2.902245905477566,0.9700095740487841,2.2533945511856444,1.1424987859082456,3.1412915691855323,nan,False,nan,2.031774558039122,2.497357549937251,0.09194212568106751,0.7878544589254733,0.008565150666863494,0.0003570799075472431,5395.680431537624,0.0037668742288064403,False,,121.86757419773387
0.0,14.0,0.01,5.0,5.001999999999671,2501,1.0557871287356437,2.7064554144872663,0.9721920646676541,2.303781043799922,1.1269572487589483,3.1412151374899397,nan,False,nan,1.9694110680331056,2.4727099228207705,0.2530994332985124,0.8936497529521529,0.017905870564452062,3.771781605940694e-05,48783.368424094435,0.004610836274523438,False,,122.41273394785065
0.0,14.0,0.03,5.0,5.001999999999671,2501,1.0857465317589547,2.9041514734284046,0.9697990588622545,2.2537587230604923,1.1416537043408037,3.141508095922167,nan,False,nan,2.0347091761267735,2.497218489037437,0.09997537505262652,0.7881171520134855,0.008607364556714243,0.0003551146321341544,5425.483334698771,0.0037826006681984823,False,,121.8451374594438
0.0,16.0,0.01,5.0,5.001999999999671,2501,1.0194642917064267,2.7601885100376644,0.9736369283730537,2.295779485090621,1.1178228213485684,3.140662398849022,nan,False,nan,1.9705310405237482,2.5162300696543833,0.2449457351905582,1.0301105138863842,0.014599261667985353,3.769261157493061e-05,48612.96597298314,0.004220738344765959,False,,122.2821730139341
0.0,16.0,0.03,5.0,5.001999999999671,2501,1.0786237293842889,2.914078902328337,0.9700190086392694,2.251137647189953,1.140844053710467,3.1412565949950704,nan,False,nan,2.033478483581794,2.490093026937055,0.10641478325739816,0.8141435102444708,0.00858456742407067,0.00035449254413865447,5434.973739974944,0.0038028732993593923,False,,121.81824882670621
0.0,18.0,0.01,5.0,5.001999999999671,2501,0.9877461380908011,1.971456215318352,0.9351769058670955,2.232818087863395,1.046556493431652,3.1405718865993166,nan,False,nan,1.9515686181816392,2.505290787568592,0.25161995340828613,4.164092503192483,0.018004796015842765,3.0297417156331595e-05,60782.3235413438,0.00876682508863527,False,,118.3701744778293
0.0,18.0,0.03,5.0,5.001999999999671,2501,1.245429247892403,2.2632418032755988,0.9902409915671302,2.186707838818415,1.245429247892403,3.141460159799107,nan,False,nan,2.021105711704171,2.44249316295273,0.11114508935690742,2.3130942826118543,0.010391356124946797,0.0003552027202821648,5424.113603929922,0.005068092112687861,False,,124.40451979742276
0.0,20.0,0.01,5.0,5.001999999999671,2501,1.055758439515247,2.6901825070292706,0.9725862987054311,2.299327969760949,1.1245270734172852,3.141358454433427,nan,False,nan,1.96803597494547,2.4790057558465435,0.25527393969009643,0.9497789941139013,0.017495040622294913,3.581220549447335e-05,51395.14102461654,0.0045723142707895965,False,,122.354663787353
0.0,20.0,0.03,5.0,5.001999999999671,2501,1.0878785187242932,2.8502242821022117,0.9711360638121099,2.2451134411925597,1.1467986387102866,3.141103875314736,nan,False,nan,2.0248776892238993,2.4895759308492296,0.11810708857153646,0.9071022315935213,0.008436940644346608,0.00035694184637905224,5397.683739591793,0.0037620340991534706,False,,121.93535620497919
2.0,0.0,0.01,5.0,5.001999999999671,2501,0.34645997776173304,2.686030269692132,0.4239532716668758,2.50669728414124,0.5587751586378548,2.767725802267199,nan,False,nan,1.4088907773909594,2.2138066556969824,0.2811356128677502,0.5254675985831598,0.0017509800245610857,3.2201546385887507e-06,586809.304756668,0.0010762782091500867,False,,77.6895492725783
2.0,0.0,0.03,5.0,5.001999999999671,2501,0.36722154185917216,2.6039326320513676,0.4027825296136946,2.514930570152581,0.5505694447620306,2.7725669795790893,nan,False,nan,1.537936874785678,2.176209559681076,0.03925800638130495,1.356250184377461,0.0019008024168840642,6.660050352034149e-06,283733.3352767943,0.0011693904186805817,False,,76.41332397669835
2.0,2.0,0.01,5.0,5.001999999999671,2501,0.0011766119286542704,0.0027793574170618205,0.21171443581522387,0.5229522499881012,0.5604910432546965,1.5707963267948966,4.157999999999764,True,1.7760000000000014,0.9057906476607016,2.2144808672303187,0.009948368347704312,0.05817670714437111,0.108329557005223,0.024032195478329278,80.40514752099388,0.039297589605474775,False,,34.924659918860925
2.0,2.0,0.03,5.0,5.001999999999671,2501,0.0048900331283021296,0.04168911193283193,0.2060604168558387,0.5703376225425801,0.5740493928306302,1.5707963267948966,4.3719999999997405,True,2.5599999999999397,1.0635135258625295,2.2042510122486143,0.010146966723801823,0.21506411710881768,0.10120277916723472,0.006279882360963092,300.66827411652673,0.03700751675392481,False,,35.39735123406859
2.0,4.0,0.01,5.0,5.001999999999671,2501,0.001039424675151725,0.0015896724511125556,0.21376015398839546,0.5477711487182988,0.5405017585406429,1.5707963267948966,3.0259999999998883,True,3.0259999999998883,1.234208833674248,2.390837156630583,0.024397323543652927,0.06186089663276079,0.05339852322826994,0.0004899689380949557,3942.3007526463784,0.016685387108585498,False,,35.04046368640342
2.0,4.0,0.03,5.0,5.001999999999671,2501,0.0011455063699497621,0.0015525753216134334,0.18263488095779293,0.5285896391704646,0.5405017585406429,1.5707963267948966,2.183999999999981,True,2.183999999999981,1.1172665394790477,2.3840718389083446,0.014513737572965018,0.19562899570401074,0.05440512091204651,0.0005801437703410908,3326.3844120706426,0.017256989794547078,False,,32.75190222894243
2.0,6.0,0.01,5.0,5.001999999999671,2501,0.0017989910286901173,0.0008742607711294616,0.2478669778125409,0.649397067034123,0.5721935620257192,1.5707963267948966,nan,True,3.889999999999793,1.753301141388385,2.4111410451471986,0.0693016577221558,1.1421646714577214,0.048415593952985336,0.00020412559833513696,9386.540218115659,0.01617857237291706,False,,39.331180136162025
2.0,6.0,0.03,5.0,5.001999999999671,2501,0.03926605488243702,0.12465990042299521,0.21241833403478882,0.6110112737161169,0.5451081495446677,1.5707963267948966,nan,True,3.989999999999782,1.9503795862104034,2.384103794244703,0.03602469381511299,1.7354814912236278,0.05928899913496136,0.00037792267840684886,5111.52041618332,0.02066987337594526,False,,36.1535555893226
2.0,8.0,0.01,5.0,5.001999999999671,2501,0.012564767251799164,0.044311823502137006,0.32216484951687635,0.7567137646569649,0.6224364194648236,1.5707963267948966,nan,True,4.057999999999775,1.677681475947994,2.4022162555086797,0.08578981028220914,1.0814346452040187,0.0416453616819112,0.0001780058252444877,10794.818966550045,0.015068940045965519,False,,46.451845039150726
2.0,8.0,0.03,5.0,5.001999999999671,2501,0.03870320925906537,0.020737340335921544,0.2455731401005634,0.656183486882225,0.5450454586732474,1.5707963267948966,nan,True,4.445999999999732,1.9562358863680633,2.411408144845008,0.04331216843565005,1.1941059492528314,0.058811665783130844,0.00037921099418045015,5094.303715430891,0.021463884755613154,False,,38.819709597516784
2.0,10.0,0.01,5.0,5.001999999999671,2501,0.30325945248174,0.6845346638600037,0.41927947614802086,0.9045285571170774,0.6996837081683678,1.5707963267948966,nan,False,nan,1.1715652515422406,2.382478410344871,0.2316457573709532,1.7996306586773327,0.0017634546317415354,0.000141690713708339,13452.393564251386,0.0010345228971423044,False,,56.212126509527444
2.0,10.0,0.03,5.0,5.001999999999671,2501,0.0011278756287433737,0.0006409152070386756,0.28689265678100145,0.703965673937366,0.5958764954357675,1.5707963267948966,3.617999999999823,True,3.617999999999823,1.3908487903060593,2.3841104654052483,0.02437406588134083,0.28866877109591055,0.052019109410450404,0.00038019151683299865,5081.260615510739,0.01760106911722021,False,,42.836634497954286
2.0,12.0,0.01,5.0,5.001999999999671,2501,0.3833496769737285,0.8259999144015023,0.5010785451935165,1.0455813521739554,0.7073107161109446,1.5707963267948966,nan,False,nan,1.0106335904054737,2.3829070586707886,0.4424851577780836,2.015479577843838,0.00133836667529944,0.00012899174177871426,14708.78808607286,0.0008099630806027324,False,,63.60938841357637
2.0,12.0,0.03,5.0,5.001999999999671,2501,0.0014504644584611508,0.0004843605950229646,0.32239430534752916,0.7419178581813216,0.6505379336538097,1.5707963267948966,3.91999999999979,True,3.91999999999979,1.4496662736820967,2.3841122697112667,0.04376137674767912,0.3575605745878477,0.04954951494173017,0.0003809336399866388,5071.426680168345,0.017107435778400515,False,,46.603585077669514
2.0,14.0,0.01,5.0,5.001999999999671,2501,0.5299897576880434,1.1066497555152703,0.5985861241211977,1.2258414977386913,0.7120985102528149,1.5707963267948966,nan,False,nan,0.9425346662870242,2.3831225747714067,0.5125331651278741,3.2525775038971787,0.0012892662294416394,0.00011917717761425948,15808.637083601718,0.0007793502484654162,False,,72.69386512717082
2.0,14.0,0.03,5.0,5.001999999999671,2501,0.12529371246965298,0.1753227853491966,0.3586983224675721,0.7707040242353244,0.6951034888806833,1.5707963267948966,nan,False,nan,1.773629611790827,2.3899003889481496,0.07897690559355097,1.1688957744938493,0.04812567847556935,0.00037843269510449073,5104.892889527414,0.01781455028005956,False,,50.29049597214833
2.0,16.0,0.01,5.0,5.001999999999671,2501,0.726053899470536,1.5026203403822973,0.7731361964127884,1.6201199602721217,0.8657623146258238,1.8134709787281578,nan,False,nan,0.84217922352519,2.383250208541291,0.5577358488032822,141.93521410834154,0.0012652813518902544,0.00010449130348065735,17506.81746739278,0.0007514331794245481,False,,120.3172271816945
2.0,16.0,0.03,5.0,5.001999999999671,2501,0.08951844716708769,0.09672808016765178,0.4106468171997817,0.809193234104828,0.6755544878668702,1.5707963267948966,nan,False,nan,1.648723448063351,2.3798575751881574,0.13961836297799413,0.8038745991674189,0.04538547150617712,0.0003676578714389642,5253.844858324643,0.017240771074967975,False,,53.839005017836016
2.0,18.0,0.01,5.0,5.001999999999671,2501,0.92560479906511,2.066728218586563,0.8725037746769749,1.9052103802555398,1.019288306294598,2.211085317540152,nan,False,nan,1.6494400070574506,2.3833316556590303,0.3723624795767266,1.6936040042387643,0.0012931171277086562,3.134286638229588e-06,601864.2818268595,0.0007406176077958216,False,,106.24908370365374
2.0,18.0,0.03,5.0,5.001999999999671,2501,0.5869510940153768,1.1563079180030118,0.5781196677599126,1.109680736110003,0.6886181479734599,1.5707963267948966,nan,False,nan,1.37184189686135,2.3798497093042004,0.2355728291540603,8.976925894233972,0.004414394882065803,0.0003635013762116024,5313.929702610353,0.0023685717247111868,False,,70.6170911083453
2.0,20.0,0.01,5.0,5.001999999999671,2501,1.0067611356455504,2.0659125163762773,0.8675950951462628,1.9089162870646363,1.0067611356455504,2.222184713312941,nan,False,nan,1.6087261567669489,2.3833891135554666,0.3720638053166921,1.5170298767420372,0.0013089884073133095,4.4287635290525965e-06,428115.4159775111,0.0007420722187263326,False,,105.75873219910294
2.0,20.0,0.03,5.0,5.001999999999671,2501,0.7664850967354497,1.5233158746154019,0.8586521720688652,1.806548518762759,1.0511129110082797,2.3368820181451024,nan,False,nan,1.6981791120520315,2.381307493730319,0.20345545583285565,58.77495965408247,0.003053913268166541,0.00037073224697659204,5210.144839287175,0.0013331407746061514,False,,116.42371068704375
4.0,0.0,0.01,5.0,5.001999999999671,2501,0.34275374245770596,2.657698044561519,0.41411114526742976,2.5131100884136424,0.5405017585406429,2.7471134750901105,nan,False,nan,1.3997145515187568,2.2098065905335673,0.3069427710036244,0.504441121428675,0.001465257390205218,1.843542113846337e-06,1026359.0304232872,0.0009043030116846311,False,,76.74166243745509
4.0,0.0,0.03,5.0,5.001999999999671,2501,0.3643836507665544,2.616454519298114,0.4020053209120976,2.5150041244211674,0.5420809373155286,2.7785388213931506,nan,False,nan,1.5693516758988177,2.175429235269902,0.059950905989439675,1.431875214253991,0.001666752552747665,3.002156284816948e-06,629306.5862567144,0.0010284071133812842,False,,76.25577212251014
4.0,2.0,0.01,5.0,5.001999999999671,2501,0.000584011266871858,0.0027437840177253784,0.21135363118519984,0.5030221698091654,0.565727632733764,1.5707963267948966,4.273999999999751,True,1.6400000000000012,0.9771472937742043,2.182010731234359,0.01416866050610541,0.32257717620494,0.11250513932178131,0.025796823670907996,74.90441656485473,0.0408585160728738,False,,34.791685523680464
4.0,2.0,0.03,5.0,5.001999999999671,2501,0.0005981844265226597,0.002733851621154215,0.20607007685424605,0.5152192584223316,0.5771020437850005,1.5707963267948966,4.28599999999975,True,1.8400000000000014,1.0343434093510337,2.1497122077341246,0.014415213258178796,0.37146948180840994,0.10621909929453843,0.02622543488504823,73.6796742928088,0.03772790630969651,False,,34.79111498960953
4.0,4.0,0.01,5.0,5.001999999999671,2501,0.0005824237448189758,0.0013918350290354105,0.21292663839575396,0.5233157582011322,0.5621194505418237,1.5707963267948966,4.075999999999773,True,1.7520000000000013,0.9279393310013903,2.2308273683600133,0.010790368968675272,0.05467246112924058,0.10860773787069555,0.024318404102789917,79.45745981895652,0.039245077498919825,False,,35.036580381678284
4.0,4.0,0.03,5.0,5.001999999999671,2501,0.0025721806732475275,0.02190495196519218,0.2065193121308293,0.570677880835083,0.575561576831166,1.5707963267948966,4.313999999999747,True,2.5499999999999408,1.09527531360858,2.2307134498623906,0.011584447099518818,0.1859202666728112,0.1017314400976308,0.006076822541271593,310.78489929630183,0.037035551312694204,False,,35.45177596385283
4.0,6.0,0.01,5.0,5.001999999999671,2501,0.000554701637965386,0.001041387634676886,0.19513853333972125,0.5275828370594705,0.5405017585406429,1.5707963267948966,3.157999999999874,True,1.8520000000000014,1.152010550625834,2.4119447955217947,0.026038091246218108,0.08378614313233085,0.05667147134836548,0.0005309884976139378,3596.47692140777,0.01867944150633956,False,,33.551241039969284
4.0,6.0,0.03,5.0,5.001999999999671,2501,0.0005795382440065604,0.001054940988624853,0.18896783691052418,0.5226017313126339,0.545193463399832,1.5707963267948966,1.7340000000000013,True,1.7340000000000013,1.1097738168602702,2.3932111354634498,0.015563814499994073,0.06846378853205515,0.055261666323353296,0.0005577042098942304,3403.447585829405,0.017832214233726707,False,,33.15211068411618
4.0,8.0,0.01,5.0,5.001999999999671,2501,0.0005340553414850762,0.0007919017620252673,0.21369672723301464,0.54809458216782,0.5405017585406429,1.5707963267948966,3.029999999999888,True,3.029999999999888,1.252844941252148,2.3907836424969133,0.0321008755706138,0.10757967208334822,0.053383816119096955,0.0004948828521443026,3903.4565757524774,0.01667369448728763,False,,35.04980681928451
4.0,8.0,0.03,5.0,5.001999999999671,2501,0.0005784411718444353,0.0007782246461925949,0.1825751061476246,0.5288950646168146,0.5405017585406429,1.5707963267948966,2.1799999999999815,True,2.1799999999999815,1.1289710610795947,2.3841099814972697,0.019759718575819846,0.22876603795413725,0.05434377005451013,0.0005788572733736887,3333.9348384644077,0.017221818819565107,False,,32.758624957890355
4.0,10.0,0.01,5.0,5.001999999999671,2501,0.0006044416431983913,0.0006800223140417618,0.21716300900520746,0.6169446189364177,0.5450300450517863,1.5707963267948966,nan,True,3.535999999999832,1.8115167376097696,2.410118129833224,0.0961401167438057,1.3159235490873151,0.05118396372981158,0.00020980446659777248,9098.641386730218,0.016671515237761163,False,,36.46195658212004
4.0,10.0,0.03,5.0,5.001999999999671,2501,0.0005811034388307008,0.0006282956702544209,0.186759664532413,0.5590739655114462,0.5450352593905253,1.5707963267948966,2.421999999999955,True,2.421999999999955,1.2115413996849935,2.3841118981269824,0.034142367752650817,0.3065099013723987,0.05333772605997887,0.0003796744668986433,5088.1485454860085,0.01668901528714525,False,,33.50665804028283
4.0,12.0,0.01,5.0,5.001999999999671,2501,0.024331010486646067,0.031782120215581536,0.2484704748094346,0.6518529424471969,0.5720786589456225,1.5707963267948966,nan,True,3.8759999999997947,1.856922849071537,2.416014429475486,0.12019223450761994,1.2745638449443744,0.04674829994216812,0.00020390125651443758,9401.185357165275,0.015978787383891652,False,,39.42924539107499
4.0,12.0,0.03,5.0,5.001999999999671,2501,0.028147703166410683,0.1327484499158101,0.21333067900556593,0.6116832857906229,0.5449989637918569,1.5707963267948966,nan,True,4.01399999999978,2.0016866534496582,2.4097143785725788,0.059756513759228275,1.7807338755039992,0.05884873335740295,0.0003805371162056319,5076.687415156566,0.02061158296596367,False,,36.2313240965338
4.0,14.0,0.01,5.0,5.001999999999671,2501,0.01045746667983779,0.046805123901599945,0.2871983759728295,0.7032145943768316,0.5935551337053033,1.5707963267948966,nan,True,4.913999999999681,1.8116116436274556,2.4071337493439158,0.15988584037478426,1.168449796406293,0.04571743028004804,0.00019901162170814682,9668.561620261366,0.01580837458404374,False,,42.99178483093485
4.0,14.0,0.03,5.0,5.001999999999671,2501,0.021878823099608917,0.052527447626082774,0.22841935189069978,0.6311264758363899,0.544972028804825,1.5707963267948966,nan,True,4.331999999999745,2.014358938067288,2.410121699456957,0.06683907056779215,1.4988566815838444,0.05932621613839324,0.0003812192374071508,5067.657847189734,0.021015014700886372,False,,37.42380730699177
4.0,16.0,0.01,5.0,5.001999999999671,2501,0.01612149977036986,0.027487834554931243,0.3248864539627678,0.7604947102018982,0.6219728440638084,1.5707963267948966,nan,True,4.085999999999772,1.7873780977141938,2.4158763263246996,0.19143255567871764,1.1484490945868209,0.041176658337474206,0.00017418255118606355,11030.720612489817,0.015011080711080463,False,,46.69157422567202
4.0,16.0,0.03,5.0,5.001999999999671,2501,0.030715260124912012,0.021422708324935365,0.24081152239548426,0.6440969836143182,0.5449507754574765,1.5707963267948966,nan,True,4.431999999999734,1.942857680252008,2.416822480837372,0.07538380171651513,1.063636532229016,0.06150965102184903,0.00038179754329001277,5060.026154839013,0.02241737919782364,False,,38.32514584267241
4.0,18.0,0.01,5.0,5.001999999999671,2501,0.13225203603689317,0.27989982751372994,0.3521873723381723,0.7926925239110686,0.6582497806866303,1.5707963267948966,nan,True,4.423999999999735,1.7376867879358417,2.430276507638066,0.23223789050054391,1.3256347242531854,0.03818443085205485,0.0001520753263205704,12567.772563006894,0.013906857112300879,False,,49.55627312602492
4.0,18.0,0.03,5.0,5.001999999999671,2501,0.007990069107162307,0.04406424268989119,0.2595883423974202,0.6713024292724475,0.5449352414284292,1.5707963267948966,nan,True,3.447999999999842,1.6993795875286488,2.3940199146794416,0.14423958655028785,0.8348793185862937,0.053485456815063025,0.0003822233273161688,5054.420432014364,0.018396925789819912,False,,39.874320346726314
4.0,20.0,0.01,5.0,5.001999999999671,2501,0.30045917490646945,0.6759650637620948,0.4187119301606962,0.9032243782681536,0.6997380623140026,1.5707963267948966,nan,False,nan,1.2632780028882284,2.382469739399987,0.36396725670689306,1.8587215747758647,0.0017492019516947394,0.0001418923147554975,13425.539314496584,0.0010273000744049669,False,,56.17732799201994
4.0,20.0,0.03,5.0,5.001999999999671,2501,0.019630407637721583,0.08181377977149375,0.2877448268570628,0.7055916637638022,0.5949366285694436,1.5707963267948966,nan,True,3.611999999999824,1.7956322971467646,2.4026143301158043,0.13333388443640498,0.9052776069600494,0.05329157724669996,0.00038262802830441267,5049.103194884916,0.01852975150920029,False,,43.026968538840904
6.0,0.0,0.01,5.0,5.001999999999671,2501,0.3844117499691053,2.6388763552032204,0.40568147271674776,2.5212163393660347,0.5405017585406429,2.7297277736474634,nan,False,nan,1.3909550685138936,2.2044437193147353,0.31530765165506647,0.530846236038484,0.0012495161930286822,2.2321368572366855e-06,846420.7031694222,0.0007724502152856488,False,,76.2323545399047
6.0,0.0,0.03,5.0,5.001999999999671,2501,0.3615958624888626,2.6079510521432723,0.40135819106975495,2.516463063306238,0.5405017585406429,2.7787086115562802,nan,False,nan,1.5786010962955415,2.1579134959537165,0.08693823932959148,1.5162591137351975,0.0013271245254310902,2.2138517289812943e-06,853402.8934635911,0.0008212549845389972,False,,76.22321638496236
6.0,2.0,0.01,5.0,5.001999999999671,2501,0.01038863722217983,0.2116196711600171,0.22442791206998736,0.880966907539429,0.5648663040973746,1.5707963267948966,nan,True,2.6259999999999324,1.618715286836903,2.258052988134116,0.0241500233785113,1.4775526936377277,0.11187977897279007,0.026213511493261295,73.71310886508734,0.04458537555139938,False,,40.60513237660279
6.0,2.0,0.03,5.0,5.001999999999671,2501,0.02739276009196784,0.6717445029441103,0.20836943507269035,0.936813292586727,0.5775912054806701,1.5707963267948966,nan,False,nan,1.377263331543756,2.261729533682628,0.023915527552608347,2.2021332024300495,0.0518718316206582,0.0007191694156547764,2631.4313720835944,0.01657849346241844,False,,40.589651505957384
6.0,4.0,0.01,5.0,5.001999999999671,2501,0.00037919349204764314,0.0013910514446699796,0.21465015719126362,0.5043775399749234,0.5667854706900527,1.5707963267948966,4.173999999999762,True,1.6760000000000013,0.9364986662857452,2.218832511034315,0.012346638134818956,0.12938386393790136,0.1116757517272344,0.025552768414827353,75.6194548015752,0.04037855507463282,False,,35.007481029088545
6.0,4.0,0.03,5.0,5.001999999999671,2501,0.0003942624920845577,0.0013866900533829943,0.20940231667473014,0.5264951024804083,0.5794946555896549,1.5707963267948966,4.223999999999757,True,1.9700000000000015,1.0167803842071512,2.214328078584261,0.0149759080662755,0.1332748057406688,0.10618982453996476,0.02594536974663022,74.47489422476181,0.03764614395287787,False,,35.14680140399311
6.0,6.0,0.01,5.0,5.001999999999671,2501,0.0003854768802969557,0.0009286877651829866,0.2134594372824335,0.5237631147559407,0.5626018471949713,1.5707963267948966,4.039999999999777,True,1.7600000000000013,0.9409423900129206,2.2308220011121005,0.01177974357427213,0.05410017396063302,0.10874913649940847,0.024392657999326467,79.21573089203919,0.0392371067333062,False,,35.085667193071465
6.0,6.0,0.03,5.0,5.001999999999671,2501,0.0008535085800044025,0.00732025363786556,0.20662217957502282,0.5708689637196376,0.5758975033857644,1.5707963267948966,4.265999999999752,True,2.5499999999999408,1.1202292897222217,2.2306791533322876,0.013109515958870742,0.16235352185224533,0.10192848253276628,0.005982161052839294,315.7376429940719,0.03697553768777826,False,,35.46198383842883
6.0,8.0,0.01,5.0,5.001999999999671,2501,0.003267977646666647,0.02020868730073298,0.20397698613417994,0.5971879787503461,0.5424990769130504,1.5707963267948966,4.19199999999976,True,2.9339999999998985,1.1862600510570669,2.362053284219974,0.021354494578027378,0.3149535567458178,0.0960945204103129,0.0005680342661760281,3330.377395585904,0.035380966875559305,False,,35.08957398227538
6.0,8.0,0.03,5.0,5.001999999999671,2501,0.0003752127841761914,0.0007902235570473815,0.19557703195703324,0.5316776541953913,0.5630683019670095,1.5707963267948966,3.1059999999998795,True,1.7720000000000014,1.1182808348690019,2.339554036798756,0.015147786467630528,0.08480401323435259,0.05608687640214152,0.0004576040283688643,4137.471721768063,0.01819968758669971,False,,34.0070656574164
6.0,10.0,0.01,5.0,5.001999999999671,2501,0.0003690737296173593,0.0006193683395093162,0.21415988494958046,0.5324810674163077,0.5405017585406429,1.5707963267948966,1.8200000000000014,True,1.8200000000000014,1.1484256125690435,2.3979697260698773,0.034157290156303824,0.1792438176884576,0.05657310947367565,0.0005564025220587907,3464.2405732537545,0.018167256735941526,False,,34.899986646263166
6.0,10.0,0.03,5.0,5.001999999999671,2501,0.0003865185855383983,0.0006284251882180483,0.18633961954785005,0.5222659444156181,0.5405017585406429,1.5707963267948966,1.8600000000000014,True,1.8600000000000014,1.117170721050074,2.3828788370846317,0.023100016730222193,0.11905231252981655,0.054876861314518834,0.0006203618557992724,3084.3632248471836,0.017645919945467443,False,,32.90494662949123
6.0,12.0,0.01,5.0,5.001999999999671,2501,0.0003603183390489851,0.0005297652705475982,0.21410692478503265,0.5494439896564799,0.5405017585406429,1.5707963267948966,3.155999999999874,True,2.8439999999999084,1.3785780174716848,2.3905579451892,0.1132769807549851,0.3360216190578876,0.05307847666379378,0.0004959115368212775,3895.4726604131456,0.01658268348683596,False,,35.14376698252822
6.0,12.0,0.03,5.0,5.001999999999671,2501,0.0003845240725113241,0.0005205991724202586,0.18248767010826566,0.528829740304703,0.5405017585406429,1.5707963267948966,2.1619999999999835,True,2.1619999999999835,1.1491628796946793,2.384114162945347,0.03932740552077549,0.30392760590819584,0.05425139147709246,0.0005791123800886305,3332.4959314548214,0.017186599245880778,False,,32.767990053543656
6.0,14.0,0.01,5.0,5.001999999999671,2501,0.003196463490029144,0.007298469231402573,0.20826586861481156,0.6008857462021849,0.5449846508056853,1.5707963267948966,4.155999999999764,True,3.3519999999998524,1.7754901608465607,2.408843556079048,0.15590899895734778,1.2831552450277781,0.05089217793496251,0.0002162437752011022,8817.62006688828,0.0159228408540667,False,,35.663749819910706
6.0,14.0,0.03,5.0,5.001999999999671,2501,0.002629465325854255,0.0020721732307461627,0.1829974713651686,0.5492049624186206,0.5449880787690431,1.5707963267948966,4.0359999999997775,True,2.37599999999996,1.5519357738789585,2.3841149675477724,0.15513711076384917,1.0698623774145557,0.05491172672724706,0.00038633670828243366,5002.053909336321,0.01724224605375119,False,,33.290416527820945
6.0,16.0,0.01,5.0,5.001999999999671,2501,0.0009696782648051448,0.004582819064259827,0.22408939292069868,0.6213155575436048,0.5554562838426271,1.5707963267948966,nan,True,3.3599999999998515,1.8223658413393755,2.4121578027810155,0.16154610788539198,1.2835313418056626,0.049196040959600694,0.00020701909030875022,9227.136122588852,0.01600818965044198,False,,37.148924945388785
6.0,16.0,0.03,5.0,5.001999999999671,2501,0.0031389692171714017,0.007831373086215171,0.19462027889197467,0.5775813721209712,0.5449654448977127,1.5707963267948966,nan,True,2.421999999999955,1.902473341684181,2.3841157391781387,0.098170907655156,1.5029469990559188,0.059378916113223726,0.00038150973305490815,5063.826046836187,0.01934666104558232,False,,34.50336687106288
6.0,18.0,0.01,5.0,5.001999999999671,2501,0.0010223580668916933,0.008573329009758546,0.24799041328529475,0.6463725315350517,0.5722548239149051,1.5707963267948966,nan,True,3.4399999999998427,1.8457512661705813,2.4030207260573277,0.1757851694565632,1.2022372945625377,0.04832201723889907,0.00020014980331096413,9573.555037715782,0.01595373720743777,False,,39.31992160403922
6.0,18.0,0.03,5.0,5.001999999999671,2501,0.02366302158210681,0.1238757049550953,0.21375580827872,0.6123512889252857,0.5449459383590775,1.5707963267948966,nan,True,4.023999999999779,2.022155249335081,2.4100284173091295,0.07864617464875727,1.800658226843638,0.0586945886985116,0.00038201607456514133,5057.150623160381,0.0205729553639545,False,,36.27206325355379
6.0,20.0,0.01,5.0,5.001999999999671,2501,0.05166813243675244,0.1529290276656761,0.2747244412611874,0.683759594103628,0.5863935567702983,1.5707963267948966,nan,True,4.459999999999731,1.852086295554676,2.4030180660622404,0.1904816992780504,1.4443420836152296,0.04671264280853059,0.00019646580374637487,9790.397335312098,0.01577862275771576,False,,41.854329736464116
6.0,20.0,0.03,5.0,5.001999999999671,2501,0.024659963381427775,0.07513365066774536,0.22417719446534504,0.6247069976744941,0.544931523240923,1.5707963267948966,nan,True,4.251999999999754,2.024843327082339,2.414586026585027,0.09226061272633318,1.5726648863828423,0.05924154857277968,0.00038242311297795973,5051.797084642085,0.020957516732447886,False,,37.076133281916086
8.0,0.0,0.01,5.0,5.001999999999671,2501,0.3851983161164377,2.636835719098397,0.4063329306787822,2.520988865359287,0.5405017585406429,2.735209123288325,nan,False,nan,1.3950986306138045,2.2044315870245312,0.31927272959924025,0.5376403343623476,0.0012497389121984492,1.453927479709482e-06,1299563.17909341,0.000772537553364602,False,,76.29162787615086
8.0,0.0,0.03,5.0,5.001999999999671,2501,0.36079201026299823,2.6366525322074468,0.4016429593453015,2.5178365031942835,0.5405017585406429,2.778581902237672,nan,False,nan,1.598299931192234,2.204437284655452,0.16577476659737628,1.489467556453779,0.0013075360861204035,9.584461377552076e-07,1971240.1225011928,0.0008092506319386601,False,,76.25778910249598
8.0,2.0,0.01,5.0,5.001999999999671,2501,0.08876029561256997,0.9284210688012349,0.33883035935455064,1.639999218268635,0.5904403694458855,2.038333116164035,nan,False,nan,1.7777114840126156,2.311880843618372,0.09873904078228271,2.112718242582206,0.07594338037864684,8.213456413424566e-05,22875.723492716566,0.031888079035804796,False,,59.73818466887899
8.0,2.0,0.03,5.0,5.001999999999671,2501,0.022453816090146926,0.788029572540966,0.22528475202246045,1.1750048294869635,0.588646471302561,1.6040061855762608,nan,False,nan,1.450053002304396,2.2647385462409506,0.10080692494887471,1.2094923593177103,0.057906107263285565,0.0006937230416731194,2731.1921259629003,0.01882803185268191,False,,44.788100199228424
8.0,4.0,0.01,5.0,5.001999999999671,2501,0.0003024596377454368,0.0013609065587728295,0.2117568117942123,0.5009116511243046,0.5682009211620717,1.5707963267948966,4.255999999999753,True,1.6460000000000012,0.9827153264860059,2.195087019944092,0.021257047116527643,0.2853718809598803,0.11228585374160097,0.026056586021765384,74.15647901006656,0.040627706357354354,False,,34.8263829629174
8.0,4.0,0.03,5.0,5.001999999999671,2501,0.00030612882390424845,0.0013450435122397658,0.20604774761654204,0.5119576696530694,0.5787697986948409,1.5707963267948966,4.2719999999997516,True,1.8360000000000014,1.041414523090849,2.192999953870448,0.02094921180265293,0.33502097309836154,0.10620719296030456,0.026534505499778125,72.82006614607705,0.03753078803318159,False,,34.76990586622672
8.0,6.0,0.01,5.0,5.001999999999671,2501,0.00028599939499195906,0.0009247480149271033,0.2155935998603303,0.5094257154584265,0.5662763919893279,1.5707963267948966,4.125999999999768,True,1.7020000000000013,0.9343651592604374,2.230437927913781,0.013552323253043575,0.09727988861215586,0.11128282862514444,0.025317913421516854,76.32008808290043,0.040186135044420535,False,,35.11869227183318
8.0,6.0,0.03,5.0,5.001999999999671,2501,0.0002940951856962774,0.0009248227162778858,0.2101437982987594,0.5353756139897724,0.579229184311672,1.5707963267948966,4.189999999999761,True,2.093999999999991,1.0494573408368548,2.2302439791064588,0.015618571146388788,0.107774473226979,0.10601740122752226,0.022020451208926352,85.68158865284698,0.03764547637776167,False,,35.297827030982944
8.0,8.0,0.01,5.0,5.001999999999671,2501,0.000287567420948212,0.0007005057923101346,0.21363331240518454,0.5241478765495919,0.5626822035305936,1.5707963267948966,4.001999999999781,True,1.7660000000000013,0.951714119612496,2.2308057135594153,0.013176448560073181,0.05372912468627841,0.10871369263286472,0.024392075021849872,79.21736685133179,0.039176406671071806,False,,35.10340320655919
8.0,8.0,0.03,5.0,5.001999999999671,2501,0.0003010047616140102,0.0007071455451289455,0.20666935949831583,0.5709016354537785,0.5761292477418192,1.5707963267948966,4.223999999999757,True,2.547999999999941,1.1427291736728238,2.2306658772297605,0.014781264811352054,0.14884364122182484,0.10202354616200746,0.005955728832348059,317.1414933822377,0.03689739855626998,False,,35.4667815141954
8.0,10.0,0.01,5.0,5.001999999999671,2501,0.0007299960771467119,0.005073243447827625,0.21007405151986225,0.5814114323377304,0.5567965824002749,1.5707963267948966,4.133999999999767,True,2.629999999999932,1.1645423755625564,2.283777500861973,0.020083831161525432,0.08650683788745614,0.0996296843702915,0.003078323871294533,609.1246790420345,0.03668177032278577,False,,35.49098568009095
8.0,10.0,0.03,5.0,5.001999999999671,2501,0.00027925298091240254,0.0006268494191085346,0.19926559643574238,0.5354469786234598,0.570209376053253,1.5707963267948966,3.1679999999998727,True,1.8100000000000014,1.1363566295045033,2.240885341164834,0.016342442523119872,0.10209883298511739,0.056551302337563746,0.0004775451753456583,3941.251534259497,0.018375434240249046,False,,34.42212976606001
8.0,12.0,0.01,5.0,5.001999999999671,2501,0.000277082267699566,0.0005228747392454504,0.1956159234742352,0.5277472853678138,0.5405017585406429,1.5707963267948966,3.2259999999998663,True,1.8180000000000014,1.1750835371561905,2.4120989342092782,0.0431526463997841,0.12209668642869091,0.0567023023555586,0.0005372681260013988,3556.9325379337884,0.018681052656424127,False,,33.59364125990156
8.0,12.0,0.03,5.0,5.001999999999671,2501,0.0002914939654654791,0.000530239745776788,0.18857180854580666,0.5220398062593073,0.543944639412754,1.5707963267948966,1.7360000000000013,True,1.7360000000000013,1.1211066591742818,2.388943629966581,0.023024813671647982,0.08801338295042169,0.055313147243716214,0.0005696393286246028,3332.303495402164,0.017838506141213045,False,,33.102132628165236
8.0,14.0,0.01,5.0,5.001999999999671,2501,0.0009311303119237789,0.0003027643099145587,0.21617406030641861,0.5337260037844762,0.5405017585406429,1.5707963267948966,3.301999999999858,True,1.8420000000000014,1.4629429831262037,2.3977174036310154,0.19520746040890263,0.9234711082127472,0.05723668828517406,0.0005744698872929114,3359.836447327589,0.018348648717910837,False,,35.206723412993114
8.0,14.0,0.03,5.0,5.001999999999671,2501,0.0002878887819234727,0.00045951905577010135,0.18605836808897142,0.524684896139575,0.5405017585406429,1.5707963267948966,1.9100000000000015,True,1.9100000000000015,1.1822463377182075,2.38347133617369,0.08438361416278117,0.44468953723933613,0.05483808085515935,0.0006376848047017172,3016.165772620497,0.017601153668915417,False,,32.98462801609109
8.0,16.0,0.01,5.0,5.001999999999671,2501,0.0010335996931031186,0.0031532638178999855,0.2143166263515223,0.549878189808566,0.5405017585406429,1.5707963267948966,4.045999999999776,True,2.82799999999991,1.628734612445968,2.4083117079432026,0.18716573815780035,0.8545471823596236,0.054384312522879334,0.0004966881497700334,3889.5147017779927,0.01703975944277071,False,,35.270662908206184
8.0,16.0,0.03,5.0,5.001999999999671,2501,0.0008209209222241342,0.002496988225114165,0.18242574988675528,0.5286638491584078,0.5405017585406429,1.5707963267948966,3.2539999999998632,True,2.149999999999985,1.48300305455713,2.384116199728275,0.1848702072992289,1.0513805048932348,0.05543417200638506,0.0005789841808621881,3333.279604905613,0.017605973468768712,False,,32.91855612951746
8.0,18.0,0.01,5.0,5.001999999999671,2501,0.0028839140734934388,0.013453083381576343,0.20390995576793478,0.593143797170136,0.5449538296554101,1.5707963267948966,4.261999999999753,True,3.1519999999998745,1.7378133673942526,2.384116587549346,0.19630227346044585,1.1991223795673582,0.05117248055974954,0.00021809846824080088,8733.306743612362,0.01595925429131037,False,,35.26115703717081
8.0,18.0,0.03,5.0,5.001999999999671,2501,0.005108892946265632,0.013051857756369745,0.17982472347403108,0.5410323275744469,0.5437625406279748,1.5707963267948966,4.10399999999977,True,2.367999999999961,1.5895173349622709,2.3841166693526366,0.17900530523823316,1.1212034407605431,0.05495843435219683,0.00038523626284620965,5016.645965255018,0.017227979513659668,False,,32.96777806141041
8.0,20.0,0.01,5.0,5.001999999999671,2501,0.0023502771413328053,0.007961767884344275,0.21465862433391417,0.6117780182025834,0.5449392292237175,1.5707963267948966,4.319999999999746,True,3.471999999999839,1.8450403374331183,2.411675821868258,0.17742964444698117,1.3399186195475503,0.050502341028240284,0.00020707505376460565,9221.880103864716,0.015935238040338667,False,,36.237772776663775
8.0,20.0,0.03,5.0,5.001999999999671,2501,0.0032471516507813934,0.003426613771090172,0.186782834797945,0.5586267869562809,0.5449419818574156,1.5707963267948966,4.185999999999761,True,2.4139999999999557,1.6350132802475696,2.4043660768071327,0.18128032040653824,1.0602095325118313,0.055197064077904874,0.0003822188146518331,5054.485685783548,0.01733524777455022,False,,33.65925646191421
10.0,0.0,0.01,5.0,5.001999999999671,2501,0.3743297830508796,2.655303617081411,0.40626561436959757,2.519418633608535,0.5405017585406429,2.7320039361915356,nan,False,nan,1.400230491213521,2.2042954494255986,0.3216729164141818,0.5164674722816716,0.0012491172244388027,3.3375466298426097e-07,5696632.12426345,0.0007720764792005542,False,,76.25338077187997
10.0,0.0,0.03,5.0,5.001999999999671,2501,0.3617413138123846,2.614148252857159,0.4018463576442685,2.5181863845345664,0.5405017585406429,2.77838803716965,nan,False,nan,1.602503895095571,2.204368134872438,0.24081638852407067,1.565134210985013,0.0013093228255602414,1.2789371500768044e-07,14774201.881059483,0.0008103954069273818,False,,76.29400174376343
10.0,2.0,0.01,5.0,5.001999999999671,2501,0.3639979057774777,2.5955515227673835,0.4301290812557793,2.3642907127846136,0.6014905191502555,2.7928089023739333,nan,False,nan,1.5450453873932175,2.225695945543231,0.28435684357087904,0.9247264749272232,0.002859872252858806,2.9453127583237312e-06,638429.3321360563,0.0017281128943875458,False,,77.19156741617412
10.0,2.0,0.03,5.0,5.001999999999671,2501,0.019635788559036194,0.8041074378381217,0.227326204389897,1.3359914554696628,0.5767390116071244,1.7395474570539917,nan,False,nan,1.4810640715840633,2.262483199103303,0.10072496883877213,1.135687204681325,0.06655923025268942,0.0006239688913584698,3054.58741784465,0.023640031766184632,False,,47.146862254816774
10.0,4.0,0.01,5.0,5.001999999999671,2501,0.0004451299938247979,0.0012445466289258305,0.2112169916864878,0.5364258476111513,0.5686198072694673,1.5707963267948966,nan,True,1.7740000000000014,1.1911751035841835,2.281315235374368,0.049840328068032076,0.8005491755894028,0.11269992298971328,0.026414595503960536,73.15109218617651,0.04124313203308311,False,,35.346199610995235
10.0,4.0,0.03,5.0,5.001999999999671,2501,0.00032113796634849,0.0007710714192888811,0.20529644339637576,0.6903131867363611,0.5765931182422501,1.5707963267948966,nan,True,2.2179999999999773,1.4376205450264372,2.315338849392175,0.0474256448146964,0.7701029177299947,0.10289258761451887,0.005703293939514057,332.40537710450246,0.03643450599777557,False,,37.00193677926815
10.0,6.0,0.01,5.0,5.001999999999671,2501,0.00024025199965442554,0.0009364843854509069,0.21391210088589646,0.5013331216254342,0.5681650422787297,1.5707963267948966,4.179999999999762,True,1.6400000000000012,0.9510286854308838,2.2255429136332663,0.019295949338334548,0.15496320879011552,0.11183767075832746,0.025809182944754774,74.86741799899083,0.04038533734205407,False,,34.948711792383676
10.0,6.0,0.03,5.0,5.001999999999671,2501,0.00023832044228081436,0.0008935071010962324,0.20790037810465156,0.5153866337348275,0.579885026845998,1.5707963267948966,4.1999999999997595,True,1.7240000000000013,0.9817551678587918,2.2208564108107143,0.018626727576202127,0.1475843409442953,0.10569542793794584,0.026213410864400603,73.71252883893366,0.03723214758337747,False,,34.91739958395119
10.0,8.0,0.01,5.0,5.001999999999671,2501,0.00022989708895702953,0.000696982155093922,0.21602387020277358,0.5126840756385026,0.5663664306797869,1.5707963267948966,4.093999999999771,True,1.7180000000000013,0.9353842143502324,2.230529153146963,0.01351114501365719,0.08316606654467847,0.11099761614956197,0.02520232072958033,76.67042278712617,0.040045380777110055,False,,35.18678274122204
10.0,8.0,0.03,5.0,5.001999999999671,2501,0.00023342880598039466,0.0006981320327755331,0.2101058429141446,0.5405675032694257,0.578943476389238,1.5707963267948966,4.161999999999764,True,2.1539999999999844,1.0770491425073225,2.230327075975287,0.018732240279746303,0.09410361719369588,0.10571127186435722,0.018595697561212925,101.43069928733446,0.03755106823942383,False,,35.352855417031414
10.0,10.0,0.01,5.0,5.001999999999671,2501,0.00023283369703331195,0.0005594090508211914,0.21375535808935137,0.5243186869441259,0.5627392921303237,1.5707963267948966,3.965999999999785,True,1.7680000000000013,0.9549773105598316,2.230796051882034,0.015186272248681408,0.05357903212764021,0.10875176223031731,0.024391692903658686,79.21843356667624,0.039174507836952796,False,,35.11469661646181
10.0,10.0,0.03,5.0,5.001999999999671,2501,0.0002377694041997618,0.0005623473765414075,0.20670798948039124,0.5708363579160028,0.5763026494055182,1.5707963267948966,4.183999999999761,True,2.545999999999941,1.1617661025883819,2.2306651190077083,0.017058166392235737,0.14406650779157193,0.10205657863771027,0.005949546506937465,317.49992077613757,0.03681247108373445,False,,35.47058931944178
10.0,12.0,0.01,5.0,5.001999999999671,2501,0.00024259808836136994,0.0004558936082415018,0.21201157445533564,0.5700478648324677,0.5601578118735409,1.5707963267948966,4.057999999999775,True,2.4359999999999533,1.1455437622303806,2.230680161706625,0.022425581074856482,0.0572023608674561,0.1009451199440347,0.007306603189464873,255.64590649169486,0.03701611203132788,False,,35.52812047859038
10.0,12.0,0.03,5.0,5.001999999999671,2501,0.00022274431073296806,0.0005280914419112848,0.2010070223547441,0.536657118062065,0.573044195469872,1.5707963267948966,3.19399999999987,True,1.8300000000000014,1.146486375938511,2.230678562534839,0.018182505504840813,0.1148158192752849,0.0567481685799659,0.00048184997133763057,3898.0254594663234,0.01845217091477862,False,,34.60318292710031
10.0,14.0,0.01,5.0,5.001999999999671,2501,0.0002233666171964345,0.0004699127200948558,0.19259110261789117,0.5324529934881589,0.5405017585406429,1.5707963267948966,3.1979999999998694,True,1.8660000000000014,1.2868786710196496,2.3940673884623496,0.1468568832205139,0.49148078781814986,0.055720951033487794,0.0004898009496374801,3871.3994150215503,0.018345266819013658,False,,33.529779762039794
10.0,14.0,0.03,5.0,5.001999999999671,2501,0.0002288887223186359,0.0004574532690527754,0.19222254152033907,0.52723777584038,0.5542226543772925,1.5707963267948966,1.7440000000000013,True,1.7440000000000013,1.1147219337728853,2.3751117842450626,0.025149216576076435,0.08043910568665456,0.055690182964821526,0.0005019644071800392,3776.717385248055,0.01803125289711899,False,,33.58031190110364
10.0,16.0,0.01,5.0,5.001999999999671,2501,0.0005024775506828661,0.0058392191913445935,0.21020237405889927,0.52983173355932,0.5405017585406429,1.5707963267948966,3.2959999999998586,True,1.8060000000000014,1.4135313301050403,2.4008479398421274,0.21225780132322997,0.8603773146146304,0.05749515384986072,0.0005407054853309258,3558.2754349639836,0.018511026962508666,False,,34.748182029684514
10.0,16.0,0.03,5.0,5.001999999999671,2501,0.0002116002533731806,0.0045542211737165965,0.1866130617490338,0.5207190229834266,0.5405017585406429,1.5707963267948966,3.139999999999876,True,1.7220000000000013,1.3423699831268265,2.382065630947876,0.1845558001290037,0.715546337128241,0.055388644207882205,0.0006045362456334381,3149.557177584891,0.017843654909148153,False,,33.03120711972669
10.0,18.0,0.01,5.0,5.001999999999671,2501,0.0011663900966494057,0.0035778024469042364,0.2151107097725184,0.5331167534856774,0.5405017585406429,1.5707963267948966,3.355999999999852,True,2.031999999999998,1.5852960684568365,2.398324179845533,0.2248767992300086,1.060473638878398,0.056968989241445084,0.0005641555752247142,3422.195161073931,0.01819279166942609,False,,35.15710475562003
10.0,18.0,0.03,5.0,5.001999999999671,2501,0.0016371316224676733,0.00509084906371745,0.18562262469691646,0.5257885257222134,0.5405017585406429,1.5707963267948966,3.255999999999863,True,1.9720000000000015,1.4744059479839675,2.3837249335638484,0.2195874425278494,1.0450484797249813,0.05569407509323785,0.0006356197413931025,3029.427308270482,0.017849999723642148,False,,33.09620707430607
10.0,20.0,0.01,5.0,5.001999999999671,2501,0.0017413567973348714,0.011091293353249435,0.21482768825060247,0.5510434803493315,0.5405017585406429,1.5707963267948966,4.131999999999767,True,2.8679999999999057,1.6865230488703644,2.405102306735134,0.21417225679461527,0.9234597348660808,0.05396043384939418,0.0004972308882248364,3885.341764565432,0.01690450569482577,False,,35.33441662266486
10.0,20.0,0.03,5.0,5.001999999999671,2501,0.0010392232441478206,0.0069630399915892455,0.1824063954724248,0.5286106530181991,0.5405017585406429,1.5707963267948966,3.3139999999998566,True,2.147999999999985,1.5380009195037774,2.3841176234465222,0.22019454050389642,1.0888256473893045,0.05538693307195404,0.0005813564325663634,3319.585402448452,0.017582984243021297,False,,32.925856135754195
12.0,0.0,0.01,5.0,5.001999999999671,2501,0.3792116418559593,2.6461171789120717,0.4065279778982562,2.5208643232104673,0.5405017585406429,2.7367195015626673,nan,False,nan,1.397664690320412,2.204261278718425,0.3266993022736402,0.5189163229911149,0.0012481524643206511,1.7441251370181657e-06,1090186.969096135,0.0007714953319785249,False,,76.3044198541808
12.0,0.0,0.03,5.0,5.001999999999671,2501,0.3629107521274194,2.615112706294303,0.4019077933832653,2.5186364427221277,0.5405017585406429,2.778244001050579,nan,False,nan,1.6042414128462357,2.204272024278744,0.25794767802289137,1.5781447789327472,0.0013081600094208498,3.3093476478918174e-07,5709624.115965691,0.0008096973864684978,False,,76.30673127168049
12.0,2.0,0.01,5.0,5.001999999999671,2501,0.34186182948027194,2.652591217167266,0.41986963509377656,2.4677539292665016,0.5571981665804998,2.937609295114763,nan,False,nan,1.5231381335528937,2.2163931761594844,0.29750451547422035,0.9874212189225927,0.0018547753960907625,1.220142885215428e-06,1545774.215909876,0.001136760181155777,False,,77.52833971443069
12.0,2.0,0.03,5.0,5.001999999999671,2501,0.3461650830144381,2.5908367867967255,0.378050129422867,2.3929866147697725,0.5549395309734356,2.717827402452909,nan,False,nan,1.5597829791967024,2.176182905561552,0.21384533379445939,1.3398294191682205,0.002186016115805656,0.000111698561421897,16894.60310104356,0.0013413783474290075,False,,73.1474165267537
12.0,4.0,0.01,5.0,5.001999999999671,2501,0.010494130247193367,0.2175963407622118,0.2282155979433755,0.9376807053210136,0.5680258166709198,1.5707963267948966,nan,True,2.7999999999999132,1.7321458660681117,2.294008586030997,0.06649613291476496,1.5078204537182403,0.10999938804785361,0.017633442403328252,107.80332308016976,0.04459185488466059,False,,41.627576418806626
12.0,4.0,0.03,5.0,5.001999999999671,2501,0.02839006279831869,0.6796490959490622,0.2087905869819872,0.9418872015409816,0.5788458277336622,1.5707963267948966,nan,False,nan,1.5712912671764026,2.261671997942012,0.13250349901465738,2.2958872800059797,0.05200210665670418,0.000718387575825321,2633.5755787396856,0.016627892070837466,False,,40.72624245913148
12.0,6.0,0.01,5.0,5.001999999999671,2501,0.0008815966979322399,0.005873785466080393,0.2118843807975389,0.49990864365156096,0.5692006875367264,1.5707963267948966,4.263999999999752,True,1.6420000000000012,1.0235648679686475,2.205093852992926,0.06174675465942644,0.43794259927398416,0.11215883426333334,0.02621267040795359,73.71457980610617,0.04053117330084613,False,,34.87160140584599
12.0,6.0,0.03,5.0,5.001999999999671,2501,0.0016386610629502184,0.0023993305689572514,0.20610046511141808,0.5112723792627725,0.5792310226813644,1.5707963267948966,4.28999999999975,True,1.8380000000000014,1.0892313673488199,2.2002886192351325,0.05484521820237584,0.46310934412313043,0.10621115279237503,0.026615450192865972,72.59855908659713,0.037463187434248105,False,,34.79989022030024
12.0,8.0,0.01,5.0,5.001999999999671,2501,0.00019465765065310815,0.0006521588206391256,0.21496426521968784,0.5047494522696605,0.5674923171683111,1.5707963267948966,4.143999999999766,True,1.6780000000000013,0.9445493094671537,2.2303470563196037,0.018647775562556118,0.12634314258713988,0.11162676589371734,0.025606764005554408,75.45921070482136,0.04029853983540426,False,,35.04461572796634
12.0,8.0,0.03,5.0,5.001999999999671,2501,0.00020770158306789697,0.0007410231521717636,0.209384339000755,0.5261352657713847,0.5801444268309056,1.5707963267948966,4.1539999999997645,True,1.9700000000000015,1.0459435771495451,2.230006287285496,0.023639187163499394,0.12569416776776798,0.10605291821611547,0.02601065459178322,74.28716516906938,0.03742563961450491,False,,35.150929881623284
12.0,10.0,0.01,5.0,5.001999999999671,2501,0.00019333867402553638,0.0005564621756819218,0.2160620994824858,0.5150336810162167,0.5651567244238325,1.5707963267948966,4.071999999999774,True,1.7300000000000013,0.9397905141161573,2.230604332983245,0.015966165228014813,0.07752473977213899,0.11083534149187076,0.024999591900191458,77.29208086992686,0.039974842929163534,False,,35.19753451771376
12.0,10.0,0.03,5.0,5.001999999999671,2501,0.00019400143025953724,0.0005555836557525877,0.20975378590364926,0.5444072986524053,0.5784936842779848,1.5707963267948966,4.1359999999997665,True,2.1999999999999793,1.1024973016901662,2.230440489204502,0.02302667683665939,0.08907884093319532,0.10538442036756171,0.016215272464511973,116.34535898069508,0.03743295240687757,False,,35.36909619040664
12.0,12.0,0.01,5.0,5.001999999999671,2501,0.00019497666998014393,0.00046565849796315046,0.21384790193595726,0.5243792485012827,0.5627744747878378,1.5707963267948966,3.937999999999788,True,1.7700000000000014,0.9573670661738214,2.230789850700172,0.018595616109037448,0.053812116695741125,0.10880758401179258,0.02439141674107921,79.21920302467349,0.03918094013952854,False,,35.12242665642596
12.0,12.0,0.03,5.0,5.001999999999671,2501,0.0001968179737581123,0.0004647221272014889,0.2067133409609031,0.5708182827511147,0.5763239409163903,1.5707963267948966,4.147999999999765,True,2.545999999999941,1.1793848569278613,2.2306667250844936,0.020708198972302912,0.14110646372975327,0.10203905643159894,0.005939555536626609,318.0351406273452,0.036717590218634216,False,,35.470665504609684
12.0,14.0,0.01,5.0,5.001999999999671,2501,0.00019923926676643238,0.0003914740121636758,0.2128890699551963,0.5639333050888468,0.5606830745072756,1.5707963267948966,3.983999999999783,True,2.3239999999999656,1.138498172889875,2.2307706000101946,0.024236344469425998,0.05780220592259859,0.10168365422531657,0.009960452849681736,187.15434984806006,0.0371740047142991,False,,35.51915351838703
12.0,14.0,0.03,5.0,5.001999999999671,2501,0.00018497053723136805,0.00044662599919211417,0.20128025983498496,0.5360433715124396,0.573356247880025,1.5707963267948966,3.2079999999998683,True,1.8320000000000014,1.1501698856425473,2.230820210475219,0.022953738677746624,0.12633225902286394,0.056829421081699076,0.0004867945249178989,3856.147456872653,0.018483850281713964,False,,34.62147035859647
12.0,16.0,0.01,5.0,5.001999999999671,2501,0.0003762325386113413,0.0020378410315074905,0.2035987776841125,0.5975966821025664,0.5412535959867784,1.5707963267948966,4.073999999999773,True,2.947999999999897,1.3076041768543536,2.3722330760777224,0.13871225459238462,0.556240764738491,0.09612643019800336,0.0005818106113413321,3252.436335311795,0.035162408261727146,False,,35.10288709062764
12.0,16.0,0.03,5.0,5.001999999999671,2501,0.00025700734035582205,0.0009523324098623371,0.19511832415242805,0.5310030970692701,0.5619779515857454,1.5707963267948966,3.127999999999877,True,1.7640000000000013,1.215969351814821,2.3478487997489323,0.13506670670653953,0.4766519584436604,0.056241997874599235,0.0004433950761892706,4270.431478064273,0.018260160161796008,False,,34.03428767554703
12.0,18.0,0.01,5.0,5.001999999999671,2501,0.0014542784837439124,0.006538329614992734,0.1957595338383853,0.5283431460860658,0.5405017585406429,1.5707963267948966,3.3059999999998575,True,1.8060000000000014,1.440952179733245,2.4116982485442358,0.22680356766017148,0.734885309629581,0.057333837287374484,0.0005215947609872548,3666.2496344640217,0.018893157696022747,False,,33.742401810431254
12.0,18.0,0.03,5.0,5.001999999999671,2501,0.0009226958630585782,0.005252706418933272,0.1886487898454234,0.5222695060486992,0.5438716005476993,1.5707963267948966,3.127999999999877,True,1.7380000000000013,1.3446703519388044,2.388697004348637,0.2094062772367822,0.622155089845025,0.05544991362211015,0.0005680364493997748,3341.35815267378,0.017878133758081834,False,,33.22506482918526
12.0,20.0,0.01,5.0,5.001999999999671,2501,0.0007701967282337816,0.002650014682303588,0.2143449318993192,0.5330317850948793,0.5405017585406429,1.5707963267948966,3.3399999999998538,True,1.8200000000000014,1.528111652232283,2.3993127375172385,0.2469470222347566,0.9961816860325854,0.057390191110196186,0.0005564918782838891,3464.087273284834,0.018436963199900583,False,,35.0932408558912
12.0,20.0,0.03,5.0,5.001999999999671,2501,0.000667069139202612,0.002307773299817218,0.18643607969882708,0.5226681565107942,0.5405017585406429,1.5707963267948966,3.237999999999865,True,1.7080000000000013,1.452857846297605,2.3830062451532568,0.2456596896343508,0.8886387640597913,0.05520023871371069,0.0006216808360749055,3078.1974948155394,0.017743580970903734,False,,33.081450868404275
14.0,0.0,0.01,5.0,5.001999999999671,2501,0.3703583709338856,2.656595828014812,0.40654237820555544,2.5200728163688977,0.5405017585406429,2.7362549524410236,nan,False,nan,1.3974221079154932,2.2042531006176524,0.3297478967382077,0.5066942256178183,0.001248446506988763,1.6936260851440956e-06,1121895.9954398351,0.0007716684878910526,False,,76.29174229250073
14.0,0.0,0.03,5.0,5.001999999999671,2501,0.36171944419208635,2.623021463709379,0.40200783524981226,2.5189516781899224,0.5405017585406429,2.7775698417802794,nan,False,nan,1.6063175712431694,2.204254831727843,0.27657587364804476,1.5601402393188715,0.0013085180406835263,5.158266892772818e-07,3662930.245346257,0.0008099368518657893,False,,76.31256484097375
14.0,2.0,0.01,5.0,5.001999999999671,2501,0.297743707840974,2.6038690901355164,0.421899217369422,2.53001018742944,0.5468527117147179,3.0626016192170242,nan,False,nan,1.5195989108208694,2.2146441749149446,0.30770042791206254,1.1988164570479747,0.001742213942190412,3.781661756153306e-06,503940.19161393616,0.001067466486920368,False,,78.70280528980774
14.0,2.0,0.03,5.0,5.001999999999671,2501,0.34533689310206694,2.5910852699137674,0.38299751162436174,2.443923387515356,0.552391998954527,2.8273592785588297,nan,False,nan,1.5583111478294778,2.1759998794140976,0.22967110277121727,1.398540102589953,0.0020752691251335717,1.4569667387377266e-05,129633.16022492552,0.0012734981211831161,False,,74.42631242202481
14.0,4.0,0.01,5.0,5.001999999999671,2501,0.04785155154214951,0.5898127853586266,0.32074248895240093,1.458124761197109,0.5825680793586814,1.9040325452294828,nan,False,nan,1.757007516538264,2.4141287894658388,0.15992925769785407,1.5588500000314787,0.08160808169014432,0.00011159160371650442,16750.972885145,0.034769397418593945,False,,55.60079891178261
14.0,4.0,0.03,5.0,5.001999999999671,2501,0.028270915402480716,0.7554659091794926,0.2140232946395915,1.0346949740788534,0.5865387781251487,1.5707963267948966,nan,False,nan,1.5363232328374448,2.2630909437705067,0.15177083087674975,2.402174778919425,0.050925768936369985,0.0007055853634324615,2682.3380574781154,0.016088488827228194,False,,42.385630593991536
14.0,6.0,0.01,5.0,5.001999999999671,2501,0.0013318876288164212,0.001574987098566478,0.2108133870542941,0.5166456921109557,0.5693018317621911,1.5707963267948966,4.447999999999732,True,1.6960000000000013,1.3301547572664372,2.254316886364966,0.15467382223265438,0.9539615497233591,0.11226039998008425,0.02641411692569218,73.15213819060928,0.04074372977254475,False,,35.11919692443192
14.0,6.0,0.03,5.0,5.001999999999671,2501,0.0012655135741962804,0.0008217647770353806,0.2050648211729844,0.5264993926596815,0.5776166929280628,1.5707963267948966,4.423999999999735,True,2.002000000000001,1.4918065667228346,2.2816089892639537,0.1384120537064687,1.228214322998715,0.1064253788448074,0.02681651047600299,72.05393618032653,0.03766801805442827,False,,35.0518854020448
14.0,8.0,0.01,5.0,5.001999999999671,2501,0.0005726601469566184,0.0018236646646262195,0.21352826884692244,0.5000631134541271,0.5689390049584446,1.5707963267948966,4.2359999999997555,True,1.6360000000000012,1.1285519872135041,2.226005956972614,0.13051696886470607,0.7200961797250137,0.11185601046095918,0.02601062315370209,74.28722693784165,0.04031076567403018,False,,35.038737226019315
14.0,8.0,0.03,5.0,5.001999999999671,2501,0.0016683244738724006,0.004808186601502432,0.20741373094928142,0.5123005197344699,0.5803031482889305,1.5707963267948966,4.241999999999755,True,1.7340000000000013,1.1162429240684753,2.221377079167346,0.1003129101984223,0.5636092569688785,0.10574497332632948,0.026413861073179074,73.15272643900477,0.03721474870385534,False,,34.94064060164874
14.0,10.0,0.01,5.0,5.001999999999671,2501,0.00023998051429761468,0.0007673082139153291,0.21548179778441026,0.5077534353081452,0.5666717476136706,1.5707963267948966,4.10599999999977,True,1.7000000000000013,0.9462147910879182,2.2304421555224634,0.031574106192608316,0.1199690855536876,0.11141439327074788,0.025404272189214486,76.06066955312167,0.04020598998806496,False,,35.10236350830571
14.0,10.0,0.03,5.0,5.001999999999671,2501,0.00016506810768587314,0.0004701312936434079,0.20983978664164418,0.5316583015174365,0.5796114870119727,1.5707963267948966,4.131999999999767,True,2.049999999999996,1.0683061379321708,2.230224313189552,0.03481437619775595,0.12864493872373234,0.1060021865222182,0.024505741710043473,77.05604481214792,0.03743006567143506,False,,35.24259867796508
14.0,12.0,0.01,5.0,5.001999999999671,2501,0.00017080968061082246,0.0004593955413301366,0.21613789418141535,0.5165547154610538,0.5656927863598424,1.5707963267948966,4.045999999999776,True,1.7380000000000013,0.9424708615482152,2.23059807544163,0.021130521045698406,0.07661560332939207,0.11063204256224395,0.02499935558953117,77.29270135479622,0.0398705214214084,False,,35.230611153017655
14.0,12.0,0.03,5.0,5.001999999999671,2501,0.0001676502580306119,0.00046478894469984623,0.20934151658530992,0.5473571418432891,0.5783245511851167,1.5707963267948966,4.111999999999769,True,2.2419999999999747,1.122939570837168,2.230412336974199,0.030431725174407533,0.0870805257423923,0.10505584307841276,0.014497911496437315,130.163446668178,0.037335816050586154,False,,35.3756361728065
14.0,14.0,0.01,5.0,5.001999999999671,2501,0.0001662083958135021,0.0003934551457471257,0.21390854372839344,0.5244468307770588,0.562796059649641,1.5707963267948966,3.91999999999979,True,1.7700000000000014,0.9598217545294754,2.2307856569783286,0.02348225802737421,0.05550497069320903,0.10884532279958602,0.024391198220484415,79.21980740376834,0.039184178290045835,False,,35.1282568506591
14.0,14.0,0.03,5.0,5.001999999999671,2501,0.00016905097937234683,0.0004019531125832765,0.2066845796302933,0.5708114291897209,0.5763186036104821,1.5707963267948966,4.113999999999769,True,2.545999999999941,1.1964824374793808,2.2306626834039878,0.026718633470578658,0.14019105948983637,0.10198916319883462,0.005916897365504746,319.25504321231773,0.036614493723027594,False,,35.468690878621665
14.0,16.0,0.01,5.0,5.001999999999671,2501,0.00017175307086093,0.00036925551687365306,0.21267022723542947,0.5564666104722368,0.5606097302681449,1.5707963267948966,3.9219999999997897,True,2.219999999999977,1.124511594878928,2.2309147293314635,0.04799284009266132,0.08394061970267297,0.10283035275664582,0.013557250826401095,137.36630345724325,0.03744192583690109,False,,35.41642414522655
14.0,16.0,0.03,5.0,5.001999999999671,2501,0.00014878547946889947,0.0002807873893956747,0.20166937479738747,0.5360428979228672,0.5738247986484328,1.5707963267948966,3.2219999999998667,True,1.8380000000000014,1.1908026295485088,2.230832976373826,0.07650709491909886,0.2430478582319133,0.05685260842113963,0.0004931517781304613,3804.5890955796185,0.018495856320160195,False,,34.68123546717714
14.0,18.0,0.01,5.0,5.001999999999671,2501,0.0007980242458696393,0.005153047031372882,0.206509222793591,0.5909299626315547,0.5489297019133137,1.5707963267948966,4.047999999999776,True,2.793999999999914,1.3805067472948431,2.3459590459002206,0.21525972119066755,0.6761077684125325,0.09834646814145752,0.0011012909945799661,1711.707663190149,0.0359644745941084,False,,35.36918727389465
14.0,18.0,0.03,5.0,5.001999999999671,2501,0.0006671112710274486,0.005441196801249168,0.19769995694962533,0.5340667289406674,0.5672690954832341,1.5707963267948966,3.19399999999987,True,1.7920000000000014,1.2753410989072094,2.310838751582167,0.1779036095331668,0.5514280990077017,0.05643695544329276,0.00047308161469104175,3986.163473209422,0.018331961421051774,False,,34.34978968172409
14.0,20.0,0.01,5.0,5.001999999999671,2501,0.0010902779762064349,0.0011112753361424133,0.19283181515631803,0.5301086451595118,0.5405017585406429,1.5707963267948966,3.3039999999998577,True,1.8100000000000014,1.4471674531213197,2.380395375733145,0.25117432199791967,0.7063279310494387,0.05604588162060327,0.000509907316299115,3719.327872673587,0.018450083628281804,False,,33.56463985101499
14.0,20.0,0.03,5.0,5.001999999999671,2501,0.0015931829052688953,0.006701702782214411,0.19088250146465163,0.5252984884606663,0.5503224013411252,1.5707963267948966,3.1779999999998716,True,1.7420000000000013,1.3863678605938752,2.395914051779841,0.24003086557717138,0.7293415590160857,0.05556564943711383,0.00053073237262851,3573.4157542213516,0.01795751921017993,False,,33.54235917232889
16.0,0.0,0.01,5.0,5.001999999999671,2501,0.34198725074646424,2.6573607677834308,0.4068811106371408,2.519722864214395,0.5405017585406429,2.7412960089072547,nan,False,nan,1.4012825599061827,2.204250380500563,0.3347900864460171,0.5498056243330126,0.0012517062459940932,2.720319042066725e-06,698879.5745295343,0.0007733105070861897,False,,76.33457772975996
16.0,0.0,0.03,5.0,5.001999999999671,2501,0.3621249919288886,2.6080168487259017,0.4021317156595574,2.5188996803925745,0.5405017585406429,2.776803512858455,nan,False,nan,1.6109281303378982,2.2042497672857984,0.2865191481415255,1.6104579780086983,0.001307694567363075,1.027359086914526e-06,1839115.675824936,0.0008094403152280425,False,,76.32833947074964
16.0,2.0,0.01,5.0,5.001999999999671,2501,0.2815751409318318,2.593349949450279,0.424011105202897,2.5715135497271264,0.5425020959499474,3.1073601181870156,nan,False,nan,1.5139616761702206,2.213457065505107,0.32228343564678863,1.259536694941763,0.0016441920660088486,3.244922927221593e-06,584109.8172609837,0.0010067170863645148,False,,79.44261714971397
16.0,2.0,0.03,5.0,5.001999999999671,2501,1.013098182362005,2.8995865816761652,0.6466554087602401,2.6252573341106777,1.017987771422021,3.0767149025303913,nan,False,nan,1.596913306272409,2.175822831887499,0.2084317441999583,0.5645986205850545,0.002560609948110256,5.285757307455765e-06,351226.18403015024,0.0015088401548369957,False,,102.64149461332708
16.0,4.0,0.01,5.0,5.001999999999671,2501,0.09228240036546503,0.9436205482353118,0.3384824013441146,1.6448953317193298,0.5906101130111057,2.03544855424249,nan,False,nan,1.8405681795873858,2.3608546120699936,0.15746839578057134,2.476550175765905,0.07642044452726954,8.29420793114887e-05,22614.350566622226,0.032200145639154236,False,,59.84595141296136
16.0,4.0,0.03,5.0,5.001999999999671,2501,0.022956132055701916,0.7916071696023516,0.225747651693093,1.176474541691318,0.5901365068927614,1.6048195367377498,nan,False,nan,1.5365247594634532,2.2716228751783407,0.15349198484845514,1.2704935019534802,0.05794433089721682,0.0006953001279218527,2724.7986564032103,0.018853061119970375,False,,44.87957613187485
16.0,6.0,0.01,5.0,5.001999999999671,2501,0.0009848683989758817,0.003452488937165565,0.2143025916760532,0.6484730669304383,0.569592579958732,1.5707963267948966,nan,True,1.8320000000000014,1.583231474785546,2.303786243488804,0.15662195592394124,1.2822136357373255,0.11201246324414015,0.026615378466523308,72.59869042172838,0.040908228935923115,False,,37.07049372507472
16.0,6.0,0.03,5.0,5.001999999999671,2501,0.028521255115877636,0.609797044499651,0.2073100017450777,0.8705931474636611,0.5763421787709115,1.5707963267948966,nan,True,2.357999999999962,1.6242100923857745,2.2605610587528573,0.1427542925342861,2.2313642929940674,0.05334046624412983,0.0007472648465660489,2530.9513418383526,0.01725056302787683,False,,39.68223600556948
16.0,8.0,0.01,5.0,5.001999999999671,2501,0.0005177090258961005,0.005926322679723954,0.21191825815359766,0.4997899364667843,0.5692567925020062,1.5707963267948966,4.331999999999745,True,1.6440000000000012,1.3453180081997242,2.2128161438457408,0.19645328614722984,0.8470459667494765,0.1118326282309886,0.026212274149777448,73.71551112754229,0.040291711832540225,False,,34.96190575071862
16.0,8.0,0.03,5.0,5.001999999999671,2501,0.0009198405749988485,0.008022243270289465,0.2061450743795037,0.5114091392442565,0.5792338218286673,1.5707963267948966,4.315999999999747,True,1.8360000000000014,1.3753345800510348,2.2122642044602876,0.17418340656320389,0.903288345183509,0.10615308004268817,0.02661515048208792,72.59920332094738,0.03735819751533721,False,,34.898682911285796
16.0,10.0,0.01,5.0,5.001999999999671,2501,0.0009990096807931835,0.0045396529715274825,0.21453084489001,0.502619857871676,0.5685739202341347,1.5707963267948966,4.219999999999757,True,1.6700000000000013,1.1726281674115897,2.230231652639425,0.1614593859375224,0.7493742331712051,0.11160682757962374,0.02580853171423512,74.86897802273407,0.04015517981580635,False,,35.138874048727224
16.0,10.0,0.03,5.0,5.001999999999671,2501,0.002417374006919659,0.008622260544308738,0.2087038180223921,0.5200022342179168,0.5805531722192538,1.5707963267948966,4.2359999999997555,True,1.8340000000000014,1.2106227445334348,2.229857074869321,0.15083783985244278,0.6832337072283756,0.10595866300661587,0.02621208355501937,73.7159621741158,0.03723653219271928,False,,35.15357843958436
16.0,12.0,0.01,5.0,5.001999999999671,2501,0.0006255112534293254,0.002227688779196152,0.21592609730101645,0.5099183522375899,0.5670783389231432,1.5707963267948966,4.113999999999769,True,1.7080000000000013,1.050509832007612,2.23042546025857,0.12352596882716062,0.33421176528577873,0.11127909189983597,0.025404062800180146,76.0611987314612,0.04006557044433589,False,,35.21326750512388
16.0,12.0,0.03,5.0,5.001999999999671,2501,0.0006051559058172959,0.0022419673242066356,0.21023012505085228,0.5352029813298756,0.5798134988276515,1.5707963267948966,4.131999999999767,True,2.0899999999999914,1.1386896134406042,2.230206020255328,0.09569423543467931,0.2329080331557317,0.10597445723215583,0.022074726183738364,85.47756311956891,0.03741885197583409,False,,35.34019312021266
16.0,14.0,0.01,5.0,5.001999999999671,2501,0.00025516586361104776,0.0008747491108879458,0.2160117666767877,0.5175182928289638,0.5648578480457871,1.5707963267948966,4.027999999999778,True,1.7440000000000013,0.9599610929923268,2.2305753964976884,0.05766922853269451,0.13777375656980237,0.11056990481228797,0.02490682976250403,77.57930146363786,0.03984672201072787,False,,35.234390183868136
16.0,14.0,0.03,5.0,5.001999999999671,2501,0.0002545298790503549,0.0006456894650759933,0.20882765591664781,0.5501193393448787,0.5777315161144693,1.5707963267948966,4.0999999999997705,True,2.2819999999999703,1.1462297503889773,2.230517157552504,0.05212395547541737,0.11420851277413704,0.10471231117665562,0.013104857659166805,144.04512880319558,0.03722519782408036,False,,35.372533078845734
16.0,16.0,0.01,5.0,5.001999999999671,2501,0.00014697298476500678,0.00034516034413591465,0.2139363510782427,0.524526521131281,0.562809577274368,1.5707963267948966,3.873999999999795,True,1.7720000000000014,0.9655422687861206,2.2307822236019352,0.03872843245460514,0.0695998041929879,0.10884004786942905,0.024391040529047444,79.22024508246542,0.03917311905386573,False,,35.13491335541004
16.0,16.0,0.03,5.0,5.001999999999671,2501,0.00014176194011446112,0.0003686205434203003,0.2066453735808415,0.5707678868528323,0.5763128680431377,1.5707963267948966,4.083999999999772,True,2.545999999999941,1.2134535114444303,2.2306593706699687,0.040261718597072726,0.14758344630513667,0.10192225642450528,0.005894921834661003,320.44710060781944,0.036512802149267685,False,,35.46759288504708
16.0,18.0,0.01,5.0,5.001999999999671,2501,0.0003388516910837888,0.0024986885510499056,0.2129508101452409,0.5505190162554517,0.5616950965879796,1.5707963267948966,3.909999999999791,True,2.1159999999999886,1.28503912037101,2.230879600577626,0.23280138543941803,0.6764664962640853,0.10385588852271858,0.016968609232918406,109.62854515697815,0.03769649915244686,False,,35.506619610437255
16.0,18.0,0.03,5.0,5.001999999999671,2501,0.00039490505527125196,0.002656244799556988,0.20187129761105768,0.535934678498156,0.5737668908598847,1.5707963267948966,3.2439999999998643,True,1.8420000000000014,1.2787855109477433,2.2308306473480064,0.16764240388846396,0.5122304228859614,0.056880104439363886,0.0004942722427560404,3795.2065240273187,0.01850864366278369,False,,34.75077238220462
16.0,20.0,0.01,5.0,5.001999999999671,2501,0.00019784486620467052,0.0019861357956959865,0.20958761161135087,0.5825892374631993,0.5550996581478527,1.5707963267948966,4.023999999999779,True,2.6519999999999295,1.4150046603546804,2.305758937134858,0.2410297448964639,0.7311316444573753,0.0995672533712875,0.002876595806410085,652.1395584726522,0.03642480418581745,False,,35.58507901023362
16.0,20.0,0.03,5.0,5.001999999999671,2501,0.0004644476718984518,0.00401080758583822,0.19922256733355873,0.5354823537104152,0.5702617898854389,1.5707963267948966,3.217999999999867,True,1.8080000000000014,1.347685019423478,2.258700489352356,0.2179033292981746,0.7163993267775133,0.05653490487689795,0.0004748632799299999,3964.321723791784,0.018366297005602786,False,,34.55360413054264
18.0,0.0,0.01,5.0,5.001999999999671,2501,0.3705378135807415,2.657261125043673,0.4064383695420039,2.5209899091986614,0.5405017585406429,2.7376947493812325,nan,False,nan,1.4066359873878782,2.20424974994618,0.33439159842894695,0.5397404328599696,0.0012479688541326879,2.859338394541203e-07,6608010.697014709,0.0007713345874640281,False,,76.30761281718709
18.0,0.0,0.03,5.0,5.001999999999671,2501,0.3620872843265488,2.6262781171433587,0.40208605063013936,2.51932828511901,0.5405017585406429,2.7784855728659754,nan,False,nan,1.6126807422500609,2.2042485890708168,0.2908208071116368,1.5667675530484466,0.0013091582830220827,1.718477989216735e-06,1099419.4840791775,0.0008103483614903471,False,,76.32738612412443
18.0,2.0,0.01,5.0,5.001999999999671,2501,0.26512967879179666,2.591577899480613,0.424687930185878,2.613391594678481,0.5405017585406429,3.120307337265223,nan,False,nan,1.501452643297607,2.2107557102923936,0.3370142115946689,1.270041894613936,0.0015214717532747786,2.8403720555872013e-06,663219.0759019237,0.0009300698292469121,False,,80.0211595518914
18.0,2.0,0.03,5.0,5.001999999999671,2501,1.0172183595387905,2.8986292298839875,0.649747981952816,2.6412212221484537,1.0172183595387905,3.1061977442982625,nan,False,nan,1.5978296041104694,2.1755852193671052,0.221452821818345,0.6061534530215803,0.0026534816616689363,4.9294486279523895e-06,377358.3758455458,0.0015259560003617067,False,,103.13548594141406
18.0,4.0,0.01,5.0,5.001999999999671,2501,0.06959568089665732,0.921684287197359,0.360898376930364,1.8419146714098702,0.6072877588489096,2.2247299361802306,nan,False,nan,1.8111128147306537,2.2694292610119007,0.14404531760681472,2.712325536664988,0.06761623999456204,6.680583959503572e-05,28156.45537687028,0.02514305649593683,False,,64.71858340554442
18.0,4.0,0.03,5.0,5.001999999999671,2501,0.0258155079021523,0.8345232003321411,0.2610515439567241,1.3950582040574815,0.5931936008132476,1.9571941655116203,nan,False,nan,1.7974943341596463,2.2643953198444327,0.10246994795322714,3.0530198035833167,0.07315687962142704,0.000683687062171531,2772.8353021513426,0.028337903767948272,False,,51.47150502999161
18.0,6.0,0.01,5.0,5.001999999999671,2501,0.01296771357642738,0.23526808348179393,0.22880586635833364,0.9462916533828805,0.5682117868033053,1.5707963267948966,nan,True,2.8079999999999123,1.7861040668951467,2.295357116471603,0.11882121542041514,1.56649566538921,0.10987658800586357,0.01668601088395042,113.9031226836364,0.04458629795924083,False,,41.792022038561946
18.0,6.0,0.03,5.0,5.001999999999671,2501,0.028090627381597927,0.6758037544152825,0.20906851646406177,0.9452840666151939,0.5797493390357634,1.5707963267948966,nan,False,nan,1.599908191633349,2.2616000672418966,0.15772341716583774,2.3088889010102513,0.05207533342193191,0.0007174162660500205,2636.8938526749507,0.016651967516057298,False,,40.80615138685403
18.0,8.0,0.01,5.0,5.001999999999671,2501,0.0014139503369188186,0.01100189277603574,0.21079570559895947,0.5083062960475493,0.5694344931906447,1.5707963267948966,4.423999999999735,True,1.6380000000000012,1.4576657968872266,2.2522850314348664,0.21025426858164306,0.949017321959077,0.11187081655507282,0.02641380828408946,73.15282384968613,0.04039139219660995,False,,35.01776675124786
18.0,8.0,0.03,5.0,5.001999999999671,2501,0.0035906228332044515,0.014929896987673849,0.20530095590087333,0.5207899631914975,0.5781872424290362,1.5707963267948966,4.405999999999737,True,1.9700000000000015,1.5429490885099608,2.295603818213171,0.1733547925581618,1.2341361462660936,0.10639929156759172,0.026816246142986257,72.05448998061796,0.037564382352429336,False,,35.00877048297546
18.0,10.0,0.01,5.0,5.001999999999671,2501,0.0023263647363359966,0.012165100484223697,0.2132027394399323,0.4997549859498262,0.5687525379448587,1.5707963267948966,4.301999999999748,True,1.6340000000000012,1.3499648070357162,2.225998042435197,0.21547104417744012,0.9354424895348135,0.11165539070272991,0.026010365307293948,74.28782543717197,0.04017188059372864,False,,35.05739281434469
18.0,10.0,0.03,5.0,5.001999999999671,2501,0.0013764829376407147,0.0023700384484595196,0.20718002226998838,0.5119228440439815,0.5799240821769852,1.5707963267948966,4.307999999999748,True,1.7500000000000013,1.375659818684025,2.2256046613000566,0.20302372901423518,0.9040137612287379,0.10572491724939212,0.026413583328597643,73.15337133256634,0.03711108192729713,False,,34.987258888069086
18.0,12.0,0.01,5.0,5.001999999999671,2501,0.0011497800465454322,0.0048074508236114295,0.21507030922555756,0.5049788551059795,0.5673828545630735,1.5707963267948966,4.207999999999759,True,1.6880000000000013,1.2193003187555629,2.2303345399123056,0.19061816646894367,0.8217496582615582,0.11153670511880266,0.025606211679072545,75.46059817357852,0.04011691987089609,False,,35.20040824715584
18.0,12.0,0.03,5.0,5.001999999999671,2501,0.0008015916260440186,0.001051009247258594,0.20937249336260155,0.5262244569437086,0.5801633041906646,1.5707963267948966,4.2179999999997575,True,1.9740000000000015,1.2730022517972637,2.2301144564106155,0.1722366208386821,0.7210058763812147,0.10611568252043345,0.02601022259040138,74.28816989941438,0.03729754804407417,False,,35.27806243898182
18.0,14.0,0.01,5.0,5.001999999999671,2501,0.001332668758739351,0.00367029861668482,0.21605246579578993,0.5120304675238518,0.5660501896477541,1.5707963267948966,4.121999999999768,True,1.7140000000000013,1.0862588948426162,2.230518194392947,0.14652509013462417,0.4457105931049426,0.11118300580601502,0.025201588702301006,76.67229307860717,0.039975308476005764,False,,35.25440787656378
18.0,14.0,0.03,5.0,5.001999999999671,2501,0.0013984383333038707,0.003927951669665182,0.2101516329283913,0.5383809137289763,0.5791287542970072,1.5707963267948966,4.151999999999765,True,2.1259999999999875,1.188683718346381,2.230327251962186,0.12631834548750517,0.33020167225406755,0.10587148051393813,0.020115289393030828,93.78910614034963,0.03736026674501955,False,,35.38426259767413
18.0,16.0,0.01,5.0,5.001999999999671,2501,0.0004752903982928264,0.001912727340733932,0.21586797200491853,0.5185551650119296,0.5643614676685761,1.5707963267948966,4.059999999999775,True,1.7480000000000013,1.027608536443207,2.2306602559564808,0.12175311858071204,0.3646802194943132,0.11047985248963538,0.024796470730100714,77.92498003561545,0.039716031280031955,False,,35.278077679795025
18.0,16.0,0.03,5.0,5.001999999999671,2501,0.00046093737895016223,0.0014184168492742395,0.20855217234675413,0.5520397181536194,0.5778229611922793,1.5707963267948966,4.0999999999997705,True,2.3079999999999674,1.192333757108741,2.230508071987341,0.09477026181133597,0.263729201959405,0.10448492233146034,0.012144208052963288,155.4607303826148,0.037140892942026146,False,,35.41173273498494
18.0,18.0,0.01,5.0,5.001999999999671,2501,0.00030037836390591535,0.0017955532736690085,0.21396778207130537,0.5245976455012022,0.5628130800832271,1.5707963267948966,3.9799999999997833,True,1.7740000000000014,1.1785813714980495,2.2307798968414825,0.23302054558284507,0.4943606954371232,0.10883191293574856,0.024390889034683526,79.22066163192999,0.03913043679533795,False,,35.232622961990664
18.0,18.0,0.03,5.0,5.001999999999671,2501,0.0002948160871667309,0.001008766835530732,0.20660345224176976,0.5707278725515174,0.576307730276834,1.5707963267948966,4.073999999999773,True,2.545999999999941,1.3546865482559503,2.2306515024887146,0.19481364286102829,0.5221692991693501,0.10194557947728933,0.0058631508393508025,322.2147309451741,0.03645945662324215,False,,35.546857048349274
18.0,20.0,0.01,5.0,5.001999999999671,2501,0.00048614932280883344,0.002348216808564351,0.21288477108336562,0.5467162238678294,0.561675560932853,1.5707963267948966,3.901999999999792,True,2.057999999999995,1.314253560076631,2.230877488513657,0.25992364199553847,0.8392092133231048,0.10455869904292206,0.019394774886289417,95.87057283838178,0.0378893135258825,False,,35.48826115289414
18.0,20.0,0.03,5.0,5.001999999999671,2501,0.0006108307678014566,0.0037234222225945865,0.20216566375176784,0.5361348743115716,0.5743735577634028,1.5707963267948966,3.2699999999998615,True,1.8500000000000014,1.3345665372808144,2.2307598622753027,0.20635825045250963,0.666310373513064,0.056746357557910784,0.0005007099808535728,3744.898625119045,0.018458361534042907,False,,34.815761782839886
20.0,0.0,0.01,5.0,5.001999999999671,2501,0.3845543086128003,2.6290764889897065,0.4069201993001879,2.521381400684501,0.5405017585406429,2.7301442312923627,nan,False,nan,1.404871398845302,2.204250150404194,0.3373784363700678,0.5499643797165311,0.0012465624429211575,7.048821477814314e-07,2698796.7621135353,0.0007706341092845583,False,,76.32322720888196
20.0,0.0,0.03,5.0,5.001999999999671,2501,0.3625740533575598,2.6336515945691725,0.40224828689456854,2.519187227877212,0.5405017585406429,2.7756613317349457,nan,False,nan,1.6112376101304426,2.20424879432984,0.2968292426541712,1.5505771198817169,0.001306871885480408,7.831935625504656e-07,2412315.4556224393,0.000808955896138838,False,,76.32467524219952
20.0,2.0,0.01,5.0,5.001999999999671,2501,0.26574895637082885,2.593342980053167,0.42149452465436055,2.644251471784111,0.5405017585406429,3.1235330880397227,nan,False,nan,1.4916844300996415,2.204425276290232,0.34138408142597293,1.2586784208125856,0.0013795313073912431,6.506002291718842e-06,288827.89967105485,0.0008416297887525882,False,,80.2020089313422
20.0,2.0,0.03,5.0,5.001999999999671,2501,0.3518027862343296,2.591582924080432,0.3876668231778569,2.5012525831760373,0.5432553303112637,2.8725043657190983,nan,False,nan,1.5690600769441405,2.175257363303918,0.2801826859972094,1.453931363281054,0.001810615694980109,8.916170518405911e-06,211949.86186206393,0.0011141701876713898,False,,75.45661551005675
20.0,4.0,0.01,5.0,5.001999999999671,2501,0.3644132158812211,2.595665560149738,0.430249328376163,2.367097885083015,0.6022303422661229,2.7955343353400712,nan,False,nan,1.5562013971568835,2.2257364493313285,0.2965686589358628,0.9456952043775806,0.002887418740368797,1.4588202771644265e-06,1289030.2208093267,0.0017440601278090801,False,,77.26032544705728
20.0,4.0,0.03,5.0,5.001999999999671,2501,0.021062271766474766,0.8058816833362024,0.2296940439746136,1.3531099946880423,0.5791696777959339,1.742565081885463,nan,False,nan,1.5811970950322758,2.259233273969077,0.13708514754407647,1.3990746482709804,0.070690736405449,0.0006297893992963196,3024.8360310037065,0.025200887845670282,False,,47.62312039613365
20.0,6.0,0.01,5.0,5.001999999999671,2501,0.030267176684478043,0.4775422501809397,0.304490138143604,1.3400386284532508,0.5721892162091575,1.7612766402087296,nan,False,nan,1.7920553351205382,2.310717000048947,0.17023337960898954,1.5080539315772086,0.0828515274978469,0.00017483763070174995,10714.916859292987,0.03425859106988201,False,,52.41197787634027
20.0,6.0,0.03,5.0,5.001999999999671,2501,0.027553680409305843,0.7290939471318537,0.2123469242334397,1.0058238749279291,0.5849242297884361,1.5707963267948966,nan,False,nan,1.5759878313523155,2.2622429654793295,0.1656622042641629,2.395159708227454,0.05130228830598756,0.0007085360262308165,2670.7612885493313,0.016270495894055433,False,,41.885362003222504
20.0,8.0,0.01,5.0,5.001999999999671,2501,0.0036822747933564944,0.00929708535063632,0.21170144799494148,0.5416889695875534,0.5700800726220082,1.5707963267948966,nan,True,1.7540000000000013,1.580470709999771,2.3041850477890984,0.20059262472172096,1.3053664179034723,0.11228791279977839,0.02661510535888409,72.5992834229675,0.040958382408709616,False,,35.577238891163766
20.0,8.0,0.03,5.0,5.001999999999671,2501,0.00345207054160291,0.012754254026004858,0.20534095749918865,0.6912143387492963,0.5773783814169263,1.5707963267948966,nan,True,2.1899999999999804,1.6904616492688829,2.315396597255634,0.15243705451631553,1.131860213527758,0.10305297984746599,0.005688163648221864,333.30295320836916,0.03630340362420705,False,,37.10685882424591
20.0,10.0,0.01,5.0,5.001999999999671,2501,0.004441443177655187,0.012670491116099495,0.2120074844416282,0.5002263369307033,0.5692859463723937,1.5707963267948966,4.349999999999743,True,1.6480000000000012,1.4531868785350206,2.2208019248753446,0.22603561262992738,0.9389421921932225,0.11171921436547419,0.02621204281484564,73.7160385396548,0.040211132714010035,False,,34.99369336387747
20.0,10.0,0.03,5.0,5.001999999999671,2501,0.0043709521723829135,0.008358311056375675,0.2061987280024112,0.5116540513891821,0.5792359618604301,1.5707963267948966,4.337999999999744,True,1.8320000000000014,1.4807769830023658,2.2685203309210773,0.19789396232224085,1.0400333913991964,0.1060430306152199,0.026614950078022736,72.59963553753815,0.03725013567074696,False,,34.93417270615063
20.0,12.0,0.01,5.0,5.001999999999671,2501,0.000781419897130989,0.0045005257184548165,0.21413414110061244,0.5015374352246744,0.5686038678290016,1.5707963267948966,4.255999999999753,True,1.6440000000000012,1.3537064743575233,2.2301111994967755,0.22846999791983663,1.0225096199320807,0.11150825099738851,0.02586883814832241,74.69408561260097,0.04008121928417118,False,,35.15737297861322
20.0,12.0,0.03,5.0,5.001999999999671,2501,0.0019375328971707809,0.0076061960787773795,0.20788836875491462,0.5144536983066426,0.5803906165304878,1.5707963267948966,4.293999999999749,True,1.7040000000000013,1.370418634261226,2.2289560917761246,0.21310312459742373,1.0392677804202868,0.10539651179542742,0.026291397211617825,73.49314534649174,0.03695053302837468,False,,35.10146476867567
20.0,14.0,0.01,5.0,5.001999999999671,2501,0.0016991827439176547,0.004391933671566922,0.215604155091722,0.5069340371022335,0.5681198463276825,1.5707963267948966,4.1819999999997615,True,1.6980000000000013,1.2378795284895112,2.2303282098801094,0.2102118936325671,0.8472729280440311,0.11139612566710878,0.02560606256280382,75.46096468854068,0.040036925413072126,False,,35.27880525126131
20.0,14.0,0.03,5.0,5.001999999999671,2501,0.0010418372075145141,0.0038635335338082864,0.20985820532895644,0.5300137275855612,0.5803476161310223,1.5707963267948966,4.19799999999976,True,2.0259999999999985,1.2970174170130955,2.230094337805025,0.18428104464691636,0.6732464449281215,0.10615731678174783,0.025699636787367384,74.3711470541192,0.03735511140191214,False,,35.35193121974136
20.0,16.0,0.01,5.0,5.001999999999671,2501,0.0011161429032607285,0.004126418381229071,0.21623080618558121,0.5132060145671334,0.5661861503969006,1.5707963267948966,4.123999999999768,True,1.7180000000000013,1.1230786427752983,2.2305089113094647,0.18708773860467276,0.4852000974211818,0.11109267670735562,0.02520145520258802,76.67263429791014,0.03991328544705306,False,,35.293183573281325
20.0,16.0,0.03,5.0,5.001999999999671,2501,0.001139299342007855,0.0028985450717258386,0.21015045986128036,0.5405859142272914,0.5793077654589598,1.5707963267948966,4.151999999999765,True,2.1539999999999844,1.2172777642458874,2.230335573067167,0.153022664973191,0.3683905931215851,0.10576631482611598,0.01863269421205366,101.23946993608077,0.03733030879148453,False,,35.42370346054819
20.0,18.0,0.01,5.0,5.001999999999671,2501,0.0009436563734248046,0.0026411427314306825,0.21584226445056612,0.5191703686591231,0.5644355728265287,1.5707963267948966,4.055999999999775,True,1.7500000000000013,1.1941922323774796,2.230652245956088,0.24801763632573898,0.4880364724630519,0.11039144335106886,0.02479633824784613,77.92532944689034,0.03964028881025885,False,,35.316273410824984
20.0,18.0,0.03,5.0,5.001999999999671,2501,0.0013225559528516877,0.001922272441496331,0.2083598349755372,0.5538010623632498,0.5778988351900913,1.5707963267948966,4.129999999999767,True,2.329999999999965,1.3275748098455806,2.23050586294469,0.2068717422685878,0.42279514354687564,0.10430888412202066,0.01136151373797754,166.19870586048177,0.037065323702374184,False,,35.45960986411621
20.0,20.0,0.01,5.0,5.001999999999671,2501,0.0009643235450093983,0.003764057256469167,0.2140007185164156,0.5246678892034045,0.5628158501645949,1.5707963267948966,4.053999999999776,True,1.7740000000000014,1.2365638480178265,2.2307776676175988,0.26695177192465697,0.500458084476596,0.10886753270920178,0.024390786783650448,79.22094535159637,0.03905430727392844,False,,35.2386589672772
20.0,20.0,0.03,5.0,5.001999999999671,2501,0.0012199794488491748,0.0019114216042954886,0.20657575401846826,0.570693630670342,0.576299327173238,1.5707963267948966,4.0999999999997705,True,2.545999999999941,1.395030607669281,2.2306493677748467,0.22480353757564495,0.5086310264700045,0.10196981167962516,0.005830248972168171,324.03503727646995,0.0364290670033003,False,,35.54323425441016
