time_s,phase,box_x,box_z,left_force_n,right_force_n,box_speed_mps,box_angular_speed_radps,tangential_k,normal_k,endpoint_error_m,left_err_x,left_err_y,left_err_z,right_err_x,right_err_y,right_err_z,actor_loss,critic_loss
0.0,intercept,1.0670892344302652,0.15,0.0,0.0,4.140655709081273,0.0,540.9893879273968,569.1283667466054,0.06942103613988401,-0.03447739192994631,0.05869407024167331,0.007561794780432951,-0.03447717279573559,-0.06085697248457614,0.007561934919198765,0.0,0.0
0.01,intercept,1.0561308167955468,0.18086771428571427,0.0,0.0,4.048209358258314,0.0,700.0,800.0,0.8675470247263589,-0.03433173033856951,0.0578115228593869,0.8648639704710712,-0.03433253761022054,-0.05996220553750048,0.8648647145408518,0.0,0.0
0.020000000000000004,intercept,1.0424327947521488,0.21856945714285714,0.0,0.0,3.9560353304075835,0.0,700.0,800.0,0.49182907203695814,-0.03538877722123157,0.05507039852522466,0.48733043076799354,-0.03539573208578267,-0.05718766377753459,0.4873318705189602,0.0,0.0
0.030000000000000013,intercept,1.0287347727087508,0.25529019999999997,0.0,0.0,3.8641531132417475,0.0,700.0,800.0,0.29553210392659246,-0.03814025601705884,0.050963845877474656,0.288406275246086,-0.038155495868102296,-0.05303608417121647,0.28840887056473996,0.0,0.0
0.04000000000000002,intercept,1.0150367506653528,0.29102994285714284,0.0,0.0,3.772584028185289,0.0,700.0,800.0,0.18572927506809322,-0.041141346926679645,0.04610045094305554,0.174872878327484,-0.04116149566414545,-0.0481221545552073,0.17487843687120552,0.0,0.0
0.05000000000000003,intercept,1.0013387286219548,0.3257886857142856,0.0,0.0,3.68135144163955,0.0,700.0,800.0,0.12284103068638172,-0.0436890726369597,0.04087911050323942,0.10689146603060318,-0.043710477834585204,-0.042847166552606675,0.10690166483599284,0.0,0.0
0.06000000000000004,intercept,0.9876407065785574,0.35956642857142845,0.0,0.0,3.5904810045458313,0.0,634.0652102167477,704.2675680128303,0.08732023273398995,-0.04556983545962878,0.03559150896534635,0.06488280968595772,-0.04559027530608639,-0.03750375965178443,0.0648986517536102,0.0,0.0
0.07000000000000005,intercept,0.97394268453516,0.3923631714285712,0.0,0.0,3.5000009244494916,0.0,534.4872126782307,559.6876898011612,0.06817061782273667,-0.04676336524863678,0.030538627248454214,0.03831317991544181,-0.046781765494341765,-0.03239512441116546,0.03833480768002928,0.0,0.0
0.08000000000000006,intercept,0.9602446624917625,0.42417891428571397,0.0,0.0,3.4099422749205224,0.0,483.8286041090378,486.1351416644757,0.05842857771327652,-0.047312990615729855,0.026028627719776293,0.021169623161395812,-0.04732891284320995,-0.027833275435162952,0.021196312488892755,0.0,0.0
0.09000000000000007,intercept,0.9465466404483651,0.4550136571428568,0.0,0.0,3.3203393479331296,0.0,458.61519353481333,449.52713668112415,0.05357984491054102,-0.047342941245595405,0.02214832115420895,0.009880499021069244,-0.047356493950192535,-0.02390615761713305,0.009911106764875943,0.0,0.0
0.10000000000000007,intercept,0.9328486184049677,0.4848673999999995,0.0,0.0,3.2312300556561824,0.0,445.2595136250893,430.13567850247347,0.051011444927901786,-0.04700747009247658,0.01879084557503513,0.002273242157820432,-0.047019218455087664,-0.020505300754079026,0.0023067874249478315,0.0,0.0
0.11000000000000008,intercept,0.9191505963615703,0.5137401428571423,0.0,0.0,3.142656389063034,0.0,437.0303708630897,418.18757261837857,0.04942891747367109,-0.04642584528254784,0.015833643742291903,-0.0029934918184399972,-0.04643649960256874,-0.017506528346079936,-0.002957697137832005,0.0,0.0
0.12000000000000009,intercept,0.9054525743181728,0.5416318857142852,0.0,0.0,3.0546649418326655,0.0,430.95015648827064,409.35955161431946,0.04825964547851359,-0.045678265693554376,0.013184422005861257,-0.006756854978662408,-0.0456884720320323,-0.014816476869002615,-0.006719260099263047,0.0,0.0
0.1300000000000001,intercept,0.8917545522747754,0.568542628571428,0.0,0.0,2.9673075091746752,0.0,425.7943170941982,401.87365462803405,0.04726813790273043,-0.04481600807856845,0.0107820080540236,-0.009543391162855852,-0.04482627788767812,-0.012373434045390014,-0.009504249831173261,0.0,0.0
0.1400000000000001,intercept,0.878056530231378,0.5944723714285706,0.0,0.0,2.880641772443646,0.0,421.0868124226779,395.0387064576211,0.046362848542822674,-0.04387158761360077,0.00858718116806717,-0.011686177495099148,-0.043882290833250015,-0.010137943611702338,-0.011645620966944548,0.0,0.0
0.1500000000000001,intercept,0.8643585081879805,0.6194211142857132,0.0,0.0,2.7947320816654546,0.0,416.6526492193999,388.60062985688785,0.04551012484988459,-0.042866012752688976,0.006574242137490777,-0.013396855702221377,-0.042877399192525145,-0.008084229958845834,-0.013354943741007874,0.0,0.0
0.16000000000000011,intercept,0.8506604861445831,0.643388857142856,0.0,0.0,2.7096503492947166,0.0,412.4302170666624,382.4699710618696,0.044698118666665856,-0.04181336861392976,0.004725329467292899,-0.014810453221384301,-0.04182560761195503,-0.006194433194917831,-0.014767217244994746,0.0,0.0
0.17000000000000012,intercept,0.8369624641011857,0.6663755999999988,0.0,0.0,2.625477069520097,0.0,408.3960452354264,376.6126523121182,0.04392231639142816,-0.040723579736171356,0.0030270310326104832,-0.016013521832256794,-0.04073677335375381,-0.004455177517813519,-0.01596895803206988,0.0,0.0
0.18000000000000013,intercept,0.8232644420577883,0.6883813428571416,0.0,0.0,2.5423024780145047,0.0,404.53639512959097,371.00872618350235,0.0431800759864598,-0.03960399633935224,0.0014684864085270921,-0.017061864611588318,-0.03961820777832986,-0.0028556512832262904,-0.017015953172193732,0.0,0.0
0.19000000000000014,intercept,0.8095664200143908,0.7094060857142841,0.0,0.0,2.4602278668573665,0.0,400.8378061379533,365.63864886537635,0.042468808872683325,-0.03846031568115699,4.0374605240228734e-05,-0.01799176923893564,-0.038475582090852056,-0.0013865597080995884,-0.0179445075605682,0.0,0.0
0.20000000000000015,intercept,0.7958683979709934,0.7294498285714267,0.0,0.0,2.3793670679414745,0.0,397.2849428114232,360.4801544213227,0.04178556592527369,-0.037297142485737955,-0.001265649693255294,-0.018827107933883314,-0.037313480170332314,-3.960232224309301e-05,-0.018778480193660907,0.0,0.0
0.21000000000000016,intercept,0.782170375927596,0.7485125714285694,0.0,0.0,2.299848114799599,0.0,393.86093955619305,355.5087552581084,0.041127103760806354,-0.036118294990660105,-0.0024572354006247576,-0.019583851841968647,-0.03613570537318733,0.0011928349675341676,-0.019533838950679283,0.0,0.0
0.22000000000000017,intercept,0.7684723538841985,0.7665943142857122,0.0,0.0,2.221815086430491,0.0,390.5484160934759,350.6992164980255,0.04049008001797613,-0.03492699685953449,-0.0035414926423223136,-0.020272928610284513,-0.03494547410259902,0.002317845241460448,-0.020221535785638345,0.0,0.0
0.23000000000000018,intercept,0.7547743318408011,0.7836950571428551,0.0,0.0,2.1454301259731094,0.0,387.3304411735652,346.0269552203378,0.03987123868722407,-0.03372602352185872,-0.004525102568274514,-0.020902024668102315,-0.03374555767007836,0.003342074263181949,-0.0208492576165914,0.0,0.0
0.24000000000000019,intercept,0.7410763097974037,0.7998147999999976,0.0,0.0,2.070875610116613,0.0,384.19127557882524,341.4691192466007,0.03926755299592794,-0.0325177835508082,-0.005414363665338789,-0.021476749532467032,-0.03253835190541732,0.004271797780908609,-0.021422610908456097,0.0,0.0
0.25000000000000017,intercept,0.7273782877540063,0.8149535428571402,0.0,0.0,1.998356419590538,0.0,381.11684682749893,337.00527637543547,0.038676316697595955,-0.031304367929687604,-0.006215235949802861,-0.022001348413001165,-0.031325945644928244,0.005112963358738204,-0.021945868319215966,0.0,0.0
0.2600000000000002,intercept,0.7136802657106088,0.8291112857142828,0.0,0.0,1.9281022241731829,0.0,378.09497862534795,332.6177475293196,0.038095188197182314,-0.030087617345299855,-0.006933383009147365,-0.022479158769229124,-0.030110177072574074,0.005871205576559124,-0.02242236964765587,0.0,0.0
0.2700000000000002,intercept,0.6999822436672114,0.8422880285714256,0.0,0.0,1.8603696444536058,0.0,375.1154903401546,328.2917511841961,0.037522209680798974,-0.02886914885182923,-0.0075741853654294755,-0.022912909345557897,-0.028892657680961054,0.00655188435394774,-0.022854849056876958,0.0,0.0
0.2800000000000002,intercept,0.686284221623814,0.8544837714285685,0.0,0.0,1.795444084661869,0.0,372.1701633724117,324.0153545422058,0.036955800648540704,-0.027650384234863545,-0.008142761466881643,-0.023304900481382562,-0.027674802134623977,0.007160104474298656,-0.02324561658990265,0.0,0.0
0.2900000000000002,intercept,0.6725861995804165,0.8656985142857111,0.0,0.0,1.7336409456084492,0.0,369.2526202049129,319.7792979206504,0.03639473465479094,-0.026432569654281146,-0.008643988237929667,-0.02365710957155287,-0.026457857634070325,0.007700728003889101,-0.023596672251680273,0.0,0.0
0.3000000000000002,intercept,0.6588881775370191,0.8759322571428536,0.0,0.0,1.6753058274336117,0.0,366.358149495062,315.57674079897686,0.03583810567212731,-0.02521680924593095,-0.00908251535014229,-0.023971273054194553,-0.0252429217051075,0.00817838322694403,-0.023909747178738616,0.0,0.0
0.3100000000000002,intercept,0.6451901554936217,0.8851849999999962,0.0,0.0,1.6208132287761843,0.0,363.4835364553544,311.40301554379846,0.03528529547218354,-0.024004065040551692,-0.00946277077477184,-0.024248927515839958,-0.024030952146400775,0.008597485979788183,-0.024186387612817883,0.0,0.0
0.32000000000000023,intercept,0.6314921334502243,0.8934567428571389,0.0,0.0,1.5705631632375503,0.0,360.62685193140396,307.2553211658094,0.03473593306373153,-0.022795171222134758,-0.009788974618883228,-0.02449143221342398,-0.022822783777762423,0.008962245648809375,-0.024427972748234494,0.0,0.0
0.33000000000000024,intercept,0.6177941114068268,0.9007474857142818,0.0,0.0,1.524975080734633,0.0,357.7872292104009,303.132399262194,0.034189851771230934,-0.02159085462203697,-0.010065151599705863,-0.02469998991301192,-0.021619140825781757,0.00927666896872531,-0.024635704671801317,0.0,0.0
0.34000000000000025,intercept,0.6040960893634294,0.9070572285714247,0.0,0.0,1.4844785495265538,0.0,354.96468682291516,299.0342767379676,0.03364705515825292,-0.02039173576566289,-0.010295134451563437,-0.024875658374196474,-0.020420638967537375,0.009544576334957672,-0.024810639629277098,0.0,0.0
0.35000000000000026,intercept,0.590398067320032,0.9123859714285671,0.0,0.0,1.4495003798369015,0.0,352.1599681787299,294.96203296908226,0.03310768618821729,-0.019198325639488423,-0.010482569475990994,-0.02501935133897104,-0.019227787609709446,0.009769616619869831,-0.024953717292402366,0.0,0.0
0.36000000000000026,intercept,0.5767000452766345,0.9167337142857097,0.0,0.0,1.420448294831664,0.0,349.3742866121417,290.9174296270837,0.03257197819464264,-0.018011050254307215,-0.010630939088088043,-0.02513183571730937,-0.018041011271214824,0.009955255032541382,-0.02506569572029882,0.0,0.0
0.3700000000000003,intercept,0.5630020232332371,0.9201004571428524,0.0,0.0,1.3976918778590086,0.0,346.60921868929165,286.9027557692566,0.03204023436332532,-0.01683024007934375,-0.010743559944143083,-0.025213735332453302,-0.016860637768018105,0.010104799472834769,-0.02514719560456713,0.0,0.0
0.3800000000000003,intercept,0.5493040011898397,0.9224861999999951,0.0,0.0,1.381542265939013,0.0,343.86658220114043,282.92065069346006,0.03151280426945008,-0.01565612551765011,-0.010823590330842597,-0.025265524632377634,-0.01568689571788978,0.010221415775854281,-0.025198713133189443,0.0,0.0
0.3900000000000003,pre_contact,0.5356059791464423,0.923890942857138,0.0,0.0,1.3722327425472556,0.0,341.1482052648085,278.9737686903724,0.030990039474001637,-0.01448885289337093,-0.010874055499456886,-0.025287513972024,-0.014519932868748642,0.010308118501322322,-0.025220552677387875,0.0,0.0
0.4000000000000003,pre_contact,0.5219079571030448,0.9243146857142807,0.0,0.0,1.369902765477033,0.0,648.000004730402,724.4998577102557,0.28195222326304126,-0.23523330681301902,-0.010565459420655954,-0.15508941433727974,-0.23526459470305866,0.010661053439557089,-0.1550224527080668,0.0,0.0
0.4100000000000003,pre_contact,0.5082099350596474,0.9237574285714232,0.0,0.0,1.3745878269519498,0.0,619.1111139960778,682.5553277208547,0.26532166807734997,-0.2164571603332347,-0.010440671332608176,-0.15309305359047365,-0.21648023508484515,0.010537775719759224,-0.15302367600723388,0.0,0.0
0.4200000000000003,pre_contact,0.4945119130162498,0.9222191714285658,0.0,0.0,1.3862168016393914,0.0,590.2222239740837,640.6107987657045,0.24131867797082918,-0.19098674621911305,-0.010275849446528651,-0.14717787074377708,-0.19099575913369604,0.01038279291834629,-0.1471032661090077,0.0,0.0
0.4300000000000003,pre_contact,0.4808138909728521,0.9196999142857085,0.0,0.0,1.4046172319497596,0.0,561.3333343918546,598.6662704490603,0.21362243285611962,-0.162542239578562,-0.010238917356283184,-0.13827283113075983,-0.16254250586807673,0.010359181656404703,-0.13819377299681257,0.0,0.0
0.44000000000000034,pre_contact,0.4671158689294544,0.9161996571428513,0.0,0.0,1.4295276616536894,0.0,532.4444450803612,556.7217425255045,0.18443424928693464,-0.13328475538782875,-0.010330455235668085,-0.12709691316406757,-0.13328299956083572,0.010463966357381643,-0.12701560389983368,0.0,0.0
0.45000000000000034,pre_contact,0.4534178468860567,0.9117183999999943,0.0,0.0,1.4606150494144325,0.0,503.5555559350228,514.7772148431934,0.15526636966283652,-0.10462777884289054,-0.010509296323019529,-0.1142705899089822,-0.10462948339751466,0.010653978975100814,-0.11418962771800856,0.0,0.0
0.46000000000000035,pre_contact,0.439719824842659,0.9062561428571367,0.0,0.0,1.4974947511489936,0.0,474.6666668912998,472.8326873084203,0.12735069204977373,-0.0776366179322156,-0.01074585233878489,-0.10040298787287916,-0.07764574560729148,0.010899072001113397,-0.10032481804021287,0.0,0.0
0.47000000000000036,grasping,0.4261668308622046,0.8999627863274968,10.147394166515046,10.147499531429883,1.343957100975939,0.15906301792443134,180.0,44.99858754123079,0.10257883339471302,-0.051724774102453186,-0.023022564255827827,-0.08554919183956766,-0.05174373957771633,0.023177337174018292,-0.08547558584480186,0.0,0.0
0.48000000000000037,grasping,0.4147113587114724,0.8947696841203323,8.435301092375258,8.447502165692873,1.1189902209620144,0.36176497923533707,180.0,44.99854743247915,0.08985747218568393,-0.04263651578935501,-0.011118339346418316,-0.07832456717624225,-0.042666174659686806,0.011307362646924196,-0.07825755010243463,0.0,0.0
0.4900000000000004,grasping,0.40533762144078495,0.8905105636221767,7.941254050097526,7.950645656508162,0.8964399690907332,0.6163473523798789,180.0,44.99824785355718,0.08196238598204994,-0.036428606196579616,-0.010920314639799228,-0.07260932756024419,-0.036466677249961665,0.011134755061278506,-0.07254965931484358,0.0,0.0
0.5000000000000003,grasping,0.39783793329866196,0.8871512204120728,6.816827560001896,6.815206843720828,0.7158784051956022,0.557226194063339,180.0,44.998364133060846,0.07579478838061834,-0.031983546682354425,-0.010504324120252151,-0.06790652151549159,-0.03202643143918521,0.01073879403962319,-0.06785353447978293,0.0,0.0
0.5100000000000003,grasping,0.39185267068984864,0.884568610004793,6.090742870849755,6.088463533569686,0.5614646524485645,0.4010003786023997,180.0,44.99846731608595,0.07070660460921341,-0.02860652710975392,-0.009953850764387623,-0.063884480522589,-0.028651051241842418,0.010205174336003181,-0.06383713826478765,0.0,0.0
0.5200000000000004,grasped,0.3871446052194157,0.8826587563462069,5.34485393372035,5.34174408384663,0.4336890930049946,0.23726619123321913,180.0,44.99860061148895,0.06633568499333875,-0.025899490696572602,-0.009334250029378016,-0.060344195723494476,-0.025943447790337915,0.009600437250638999,-0.060301589231064434,0.0,0.0
0.5300000000000004,grasped,0.3834874191194821,0.8813023070494934,4.691039381178594,4.687354484886454,0.329839521039106,0.06927027531920532,180.0,44.998763787660224,0.06247817446952007,-0.023635455661630334,-0.008693850825937821,-0.05716680092736204,-0.023677488214168485,0.008973593239899574,-0.05712823308451731,0.0,0.0
0.5400000000000004,grasped,0.3806738357401676,0.8803857047745548,4.058064329702612,4.053894476445635,0.2497327513093032,0.05290518260458088,180.0,44.99892932808368,0.05901802140294446,-0.021682930589139504,-0.008064361308375068,-0.05428249238983662,-0.021722282166060425,0.008356730117777489,-0.05424748013483727,0.0,0.0
0.5500000000000004,grasped,0.3785150560566826,0.8797948434951962,3.5618132015731696,3.5575139727731617,0.18875701031368528,0.11920262931724022,180.0,44.999088429100915,0.055883106533801144,-0.019964446303609884,-0.007463488298839527,-0.0516453199793685,-0.02000074364549209,0.0077676915408581015,-0.05161351448687679,0.0,0.0
0.5600000000000004,grasped,0.37686058218709545,0.87943830065717,3.1357335783215596,3.1317827424119593,0.14284985809935824,0.13422020162914963,180.0,44.999222021915166,0.05302627144453934,-0.01843333295927596,-0.006898166364107089,-0.04922395379272737,-0.01846642784139174,0.007213477285218456,-0.04919510118914605,0.0,0.0
0.5700000000000004,grasped,0.37559615126399515,0.8792284675455787,2.8237853390915872,2.8206783523658654,0.10853733866224423,0.10493731228177873,180.0,44.99934905260566,0.05041442226591043,-0.01705932905178853,-0.006371268977808653,-0.04699562013358172,-0.017089182969533268,0.006696997974937502,-0.04696952514991781,0.0,0.0
0.5800000000000004,grasped,0.3746268892976038,0.8791065551661915,2.5872470775592697,2.5849731298043523,0.08318209014945217,0.08914580319953784,180.0,44.99943657794601,0.04802286961324974,-0.015821283860539048,-0.005881057125585343,-0.0449432971450624,-0.01584792322393136,0.006216544071236757,-0.044919823348529064,0.0,0.0
0.5900000000000004,grasped,0.3738753887013337,0.879002499056483,1.8239884911690574,1.8307569329553601,0.06954184533576632,0.17511744809479324,180.02489344,45.035950016651284,0.0458310234792782,-0.01470317730622317,-0.005426180227485894,-0.0430524368177172,-0.014726058332679759,0.005772176258418138,-0.043030824680263424,0.0,0.0
0.6000000000000004,grasped,0.37324966683705657,0.8787107734205074,1.7817879917452613,1.7884751799893377,0.07141396020430296,0.555543679515422,180.88418303999998,46.283629748278045,0.04381723570864414,-0.013688716415858837,-0.005017026795202106,-0.04130536767507087,-0.013707424454463213,0.0053737381348512026,-0.04128492759897484,0.0,0.0
0.6100000000000004,grasped,0.37269725475134236,0.8782073189544405,1.7659002032901396,1.7721286646997965,0.08142384873425702,0.8779431024022695,182.93156864000002,49.25632365159792,0.041968739662960844,-0.012768885169822997,-0.004644150912628459,-0.03969333714008383,-0.012783805129791881,0.005009859448052462,-0.03967433279801025,0.0,0.0
0.6200000000000004,grasped,0.3721850302057255,0.8775096794930258,1.765824748215454,1.7714511020899195,0.09490306945304325,1.1459879298158493,186.11713024000002,53.88154968409199,0.04027500918867717,-0.011937584794264766,-0.004298386027944967,-0.03820927398587448,-0.011948991978729395,0.004671953533708306,-0.038191843425344874,0.0,0.0
0.6300000000000004,grasped,0.3716865079485867,0.8764674766699185,0.0,0.0,0.16573840073766224,1.2111778869189689,190.39094784000002,60.082324373792204,0.03872180690196554,-0.011186814334129658,-0.00398968937382177,-0.03683983310193317,-0.011195805079904142,0.004366554157279545,-0.03682537860231461,0.0,0.0
0.6400000000000005,grasped,0.37118843967249426,0.874494667447989,0.0,0.0,0.26096064150237747,1.211177948936331,195.70310144000007,67.79521014151939,0.03728739374937826,-0.010505274422044464,-0.0037458614843676463,-0.03556385164113263,-0.010512268211101239,0.004125515409599795,-0.035552671978861805,0.0,0.0
0.6500000000000005,grasped,0.3706903713964018,0.8715408582260595,0.0,0.0,0.35774140848885094,1.2111780109547428,202.00367104000009,76.94320869745383,0.03596602994277156,-0.009890369042392821,-0.0035481064363420134,-0.034379575479132396,-0.009895189655514114,0.003931891409724969,-0.034371106342962254,0.0,0.0
0.6600000000000005,grasped,0.3701923031203094,0.8676060490041302,0.0,0.0,0.4550874578384264,1.211178072974204,209.24273664000012,87.45383959692428,0.03475190070665058,-0.009339706442656248,-0.0033851574408242657,-0.033283562319651794,-0.009342257983991409,0.0037735986210379047,-0.033277425573051356,0.0,0.0
0.6700000000000005,grasped,0.36969423484421693,0.8626902397822009,0.0,0.0,0.5527001838393906,1.211178134994715,217.3703782400001,99.25462239530702,0.03363846823081597,-0.008850466215368835,-0.003251298615063486,-0.03227100419722295,-0.008850701475100364,0.003644536845930718,-0.03226696117333128,0.0,0.0
0.6800000000000005,grasped,0.3691961665681245,0.8567934305602717,0.0,0.0,0.6504595392108186,1.2111781970162758,226.33667584000014,112.27307664802598,0.0326189541820471,-0.008419498470068454,-0.0031437686488025307,-0.03133654549364717,-0.008417421215728249,0.0035417407826870695,-0.03133441952086158,0.0,0.0
0.6900000000000005,grasped,0.36869809829203204,0.8499156213383421,0.0,0.0,0.7483080589467179,1.2111782590388864,236.09170944000016,126.43672191055265,0.031686649713467165,-0.008043472119708073,-0.00306135936194879,-0.030474698412781387,-0.008039123731442832,0.0034639036977624493,-0.030474343189291098,0.0,0.0
0.7000000000000005,grasped,0.3682000300159396,0.8420568121164126,0.0,0.0,0.8462148131643991,1.2111783210625466,246.5855590400002,141.6730777384061,0.03083510358581973,-0.007718995909011761,-0.003003657553066502,-0.029680057215645927,-0.007712424759475811,0.003410594885467244,-0.02968137126230408,0.0,0.0
0.7100000000000005,grasped,0.36770196173984715,0.8332170028944832,0.0,0.0,0.9441616858108113,1.2111783830872567,257.76830464000017,157.90966368715297,0.030058192809544783,-0.007442717307232283,-0.0029706651636865755,-0.028947401629815794,-0.007433997603529308,0.0033817879865235267,-0.028950286991157648,0.0,0.0
0.7200000000000005,grasped,0.3672038934637547,0.8233961936725539,0.0,0.0,1.04213736517187,1.2111784451130163,269.5900262400002,175.07399931240758,0.029350203190202626,-0.007211366965053645,-0.0029625477182883275,-0.02827176770000195,-0.007200587028311944,0.0033776438850706136,-0.028276132118499886,0.0,0.0
0.7300000000000005,grasped,0.36670582518766226,0.8125943844506247,0.0,0.0,1.1401344248910394,1.211178507139826,282.00080384000023,193.09360416983165,0.028705856115710342,-0.007021789178083382,-0.002979500055266038,-0.027648477373099056,-0.007009043168245577,0.00339836672474661,-0.027654235153880657,0.0,0.0
0.7400000000000005,grasped,0.3662077569115698,0.8008115752286953,0.0,0.0,1.238147788333798,1.2111785691676853,294.9507174400003,211.8959978151347,0.02812031372759039,-0.006870956281772589,-0.0030216666910410084,-0.02707314334043609,-0.006856340178105658,0.0034441111964533255,-0.02708022392937437,0.0,0.0
0.7500000000000006,grasped,0.36570968863547737,0.7880477660067657,0.0,0.0,1.3361738676871844,1.2111786311965946,308.3898470400003,231.4086998040736,0.02758916600851504,-0.006755976997827484,-0.003089091617331896,-0.026541675725439418,-0.006739599182991107,0.003514917137491941,-0.026550001332873885,0.0,0.0
0.7600000000000006,grasped,0.3652116203593849,0.7743029567848363,0.0,0.0,1.4342100556140245,1.2111786932265536,322.2682726400003,251.559229692453,0.02710843252478848,-0.00667408933680691,-0.003181663985247135,-0.026050284174991,-0.006656057041139696,0.00361068974296197,-0.026059777434898623,0.0,0.0
0.7700000000000006,grasped,0.3647135520832925,0.759577147562907,0.0,0.0,1.5322544118254764,1.2111787552575626,336.5360742400003,272.2751070361249,0.026674526142816506,-0.006622658977509799,-0.0032991046455133066,-0.02559545115035078,-0.006603079185592553,0.0037311557705685117,-0.025606046675002547,0.0,0.0
0.7800000000000006,grasped,0.36421548380720004,0.7438703383409777,0.0,0.0,1.6303054626335798,1.2111788172896214,351.1433318400003,293.4838513909892,0.026284221820439296,-0.0065991760405589295,-0.003440944899662013,-0.025173932096297147,-0.006578162922792341,0.003875843235495252,-0.02518555868789285,0.0,0.0
0.7900000000000006,grasped,0.3637174155311076,0.7271825291190486,0.0,0.0,1.7283620686728647,1.21117887932273,366.0401254400004,315.1129823129931,0.025934629166730887,-0.0066012460194713185,-0.0036065070733665994,-0.024782743365840743,-0.006578917420477504,0.00404407593295103,-0.024795323696507054,0.0,0.0
0.8000000000000006,grasped,0.36321934725501515,0.709513719897119,0.0,0.0,1.8264233351995363,1.2111789413568887,381.1765350400004,337.09001935813137,0.025623159861691384,-0.006626580494013323,-0.0037948929749783977,-0.024419144233011947,-0.006603042908374213,0.004234972519333163,-0.024432620718966902,0.0,0.0
0.8100000000000006,grasped,0.3627212789789227,0.6908639106751895,0.0,0.0,1.9244885497959325,1.2111790033920973,396.50264064000044,359.3424820824465,0.025347464276752378,-0.006673000207892188,-0.004005000177930512,-0.02408062013641432,-0.006648367115245024,0.004447420132003749,-0.024094929064761517,0.0,0.0
0.8200000000000006,grasped,0.36222321070283026,0.6712331014532601,0.0,0.0,2.0225571381866834,1.2111790654283558,411.9685222400004,381.7978900420285,0.025105406958252613,-0.006738424134983156,-0.0042355074288150385,-0.023764881938531324,-0.006712809828089306,0.004680098834288715,-0.023779949699476277,0.0,0.0
0.8300000000000006,grasped,0.3617251424267378,0.6506212922313308,0.0,0.0,2.120628632307921,1.2111791274656643,427.52425984000047,404.38376279301474,0.02489502334074847,-0.00682086137852822,-0.004484884858708071,-0.023469837837679974,-0.0067943682032451935,0.004931490730070626,-0.02348561143628991,0.0,0.0
0.8400000000000006,grasped,0.36122707415064537,0.6290284830094016,0.0,0.0,2.2187026468408115,1.2111791895040227,443.1199334400004,427.0276198915905,0.024714458640496907,-0.00691841631209833,-0.0047514212972495085,-0.023193583083529923,-0.006891150991395645,0.005199873987567966,-0.0232100044303577,0.0,0.0
0.8500000000000006,grasped,0.3607290058745529,0.6064546737874721,0.0,0.0,2.3167788617027485,1.2111792515434312,458.70562304000043,449.6569808939884,0.02456194234416534,-0.00702927949164861,-0.005033228804073364,-0.02293439260717367,-0.0070013472867686,0.005483358202279326,-0.022951401971839647,0.0,0.0
0.8600000000000007,grasped,0.3602309375984605,0.5828998645655425,0.0,0.0,2.414857008803408,1.2111793135838897,474.2314086400005,472.1993653564888,0.024435749962456565,-0.007151725073609172,-0.005328266113861141,-0.022690706309894337,-0.0071232246691484424,0.005779906364635684,-0.022708246958292322,0.0,0.0
0.8700000000000007,grasped,0.35973286932236803,0.5583640553436131,0.0,0.0,2.512936861901071,1.2111793756253981,489.64737024000044,494.5822928354193,0.024334167374809066,-0.007284108900866226,-0.005634369505261472,-0.022461107789387258,-0.007255130493529549,0.006087356671234445,-0.022479139311744056,0.0,0.0
0.8800000000000007,grasped,0.3592348010462756,0.5328472461216838,0.0,0.0,2.6110182287443844,1.2111794376679568,504.90358784000045,516.7332828871553,0.02425546073095544,-0.007424871959477719,-0.005949284353245016,-0.022244324434012808,-0.007395507785928679,0.006403446136019786,-0.0222627953435085,0.0,0.0
0.8900000000000007,grasped,0.35873673277018314,0.5063494368997545,0.0,0.0,2.7091009449206065,1.2111794997115657,519.9501414400005,538.5798550681199,0.024197867435616575,-0.0075725328369998235,-0.00627068932508798,-0.022039208689539014,-0.007542868239694633,0.006725855046400414,-0.022058072036612142,0.0,0.0
0.9000000000000007,grasped,0.3582386644940907,0.4788706276778252,0.0,0.0,2.807184868993131,1.2111795617562244,534.7371110400004,560.049528934783,0.02415958070391319,-0.007725689038949379,-0.006596234071306745,-0.021844722804214456,-0.007695799317456342,0.00705223527975174,-0.021863946985975047,0.0,0.0
0.9100000000000007,grasped,0.35774059621799825,0.45041081845589576,0.0,0.0,2.905269878623713,1.2111796238019332,549.2145766400005,581.0698240436633,0.024138741068103015,-0.007883020158345244,-0.006923577567471223,-0.02165993409207223,-0.007852980313099,0.007380237462584316,-0.021679483176222147,0.0,0.0
0.9200000000000007,grasped,0.3572425279419058,0.42097000923396627,0.0,0.0,3.003355867454356,1.2111796858486923,563.3326182400004,601.5682599513259,0.02413344745058887,-0.00804328428338974,-0.007250415674864674,-0.02148400485687829,-0.008013166568063224,0.00770755393588729,-0.02150383869453909,0.0,0.0
0.9300000000000007,grasped,0.35674445966581336,0.3905482000120369,0.0,0.0,3.101442742580744,1.2111797478965014,577.0413158400005,621.472356214384,0.024141772955160234,-0.008205314183315326,-0.007574510103717097,-0.021316177406811798,-0.00817517360883896,0.008031959413113965,-0.021336279835166394,0.0,0.0
0.9400000000000007,grasped,0.3562463913897209,0.3591453907901073,0.0,0.0,3.1995304224903114,1.2111798099453608,590.2907494400005,640.7096323894984,0.02416176329129409,-0.008368027540659517,-0.00789373709861696,-0.02115576694160093,-0.008337922316188628,0.008351317489591253,-0.021176111834292133,0.0,0.0
0.9500000000000007,grasped,0.3557483231136285,0.32676158156817786,0.0,0.0,3.2976188353682256,1.2111798719952704,603.0309990400004,659.2076080333773,0.02419147127305582,-0.008530418940557505,-0.008206101816522843,-0.021002155032139314,-0.008500405136603939,0.008663628895097947,-0.021022712845153446,0.0,0.0
0.9600000000000007,grasped,0.35525025483753603,0.2933967723462484,0.0,0.0,3.3957079176969205,1.2111799340462301,615.2121446400005,676.8938027027763,0.02422898336460967,-0.008691557240850356,-0.008509759297284786,-0.020854779558723724,-0.008661674339224879,0.008967062077656296,-0.020875542506429756,0.0,0.0
0.9700000000000008,grasped,0.3547521865614436,0.25905096312431886,0.0,0.0,3.493797613091494,1.2111799960982401,626.7842662400004,693.6957359544987,0.02427242710647736,-0.008850594228342057,-0.008803053254400423,-0.020713126001328575,-0.008820882908300576,0.009259950548813706,-0.020734080670712474,0.0,0.0
0.9800000000000008,grasped,0.35425411828535114,0.22372415390238934,0.0,0.0,3.591887871325897,1.2111800581513001,637.6974438400005,709.5409273453955,0.024320006469056264,-0.009006758050209673,-0.009084521880877994,-0.020576726295201353,-0.00897726035102403,0.009540825260208663,-0.020597851690541735,0.0,0.0
0.9900000000000008,grasped,0.3537560500092587,0.1874163446804598,0.0,0.0,3.68997864751442,1.2111801202054107,647.9017574400004,724.3568964323648,0.024370033826699097,-0.009159346652561517,-0.009352898933252113,-0.020445155296138884,-0.009130084995887466,0.009808441769167592,-0.020466452699744675,0.0,0.0
1.0000000000000007,grasped,0.35325798173316625,0.1501275354585303,0.0,0.0,3.788069901420328,1.2111801822605714,657.3472870400002,738.0711627723523,0.02442092601441012,-0.00930773940825469,-0.009607149032962115,-0.0203180157271714,-0.009278740729557755,0.010061751552821463,-0.02033947697478211,0.0,0.0
1.0100000000000007,grasped,0.3527599134570738,0.11185772623660074,0.0,0.0,3.886161596869188,1.2111802443167825,665.9841126400003,750.6112459223523,0.024471238504975526,-0.009451385619721586,-0.00984645032781395,-0.02019494481038908,-0.009422675096068422,0.01029993100361748,-0.020216559632481035,0.0,0.0
1.0200000000000007,grasped,0.35226184518098136,0.07260691701467119,0.0,0.0,3.9842537012488477,1.2111803063740438,673.7623142400003,761.9046654394051,0.024519676650579966,-0.009589803469993607,-0.010070194100933266,-0.02007561091829002,-0.009561400057775449,0.010522378062124332,-0.02009737072190554,0.0,0.0
1.0300000000000007,grasped,0.3517637769048889,0.03237510779274162,0.0,0.0,4.08234618508149,1.2111803684323554,680.6319718400002,771.8789408805995,0.024565101772995826,-0.009722578220180855,-0.010277983453160305,-0.019959704413727408,-0.009694493104598523,0.010728702031640697,-0.019981612051449438,0.0,0.0
1.0400000000000007,grasped,0.35126570862879647,-0.008837701429187923,0.0,0.0,4.180439021655936,1.2111804304917173,686.5431654400002,780.4615918030713,0.02460653111162055,-0.009849363603908257,-0.010469628887206844,-0.019846941388051542,-0.009821611997365476,0.01091870569810982,-0.019868989700993933,0.0,0.0
1.0500000000000007,grasped,0.350767640352704,-0.051031510651117454,0.0,0.0,4.278532186710518,1.2111804925521297,691.4459750400001,787.5801377640043,0.02464315042464188,-0.009969871993469492,-0.010645120078826037,-0.019737069973936094,-0.009942462415521824,0.011092391474235158,-0.019759249969818482,0.0,0.0
1.0600000000000007,grasped,0.3502695720766116,-0.09420631987304698,0.0,0.0,4.376625658158593,1.2111805546135925,695.2904806400002,793.1620983206294,0.02467430187467613,-0.010083874441170648,-0.010804623895641963,-0.019629852695832617,-0.010056810810271322,0.011249930511689793,-0.01965216501721445,0.0,0.0
1.0700000000000007,grasped,0.34977150380051913,-0.13836212909497647,0.0,0.0,4.474719415850158,1.2111806166761057,698.0267622400002,797.1349930302254,0.02469947780723581,-0.010191199994266598,-0.010948465318704637,-0.019525077872577956,-0.010164489542810129,0.011391644436800324,-0.01954751491668627,0.0,0.0
1.0800000000000007,grasped,0.3492734355244267,-0.183498938316906,0.0,0.0,4.572813441364149,1.2111806787396693,699.60489984,799.4263414501185,0.024718326042401456,-0.010291716260408701,-0.011077104417693856,-0.019422577440763922,-0.010265367213786958,0.011517996288685522,-0.019445122573288343,0.0,0.0
1.0900000000000007,grasped,0.34877536724833424,-0.22961674753883546,0.0,0.0,4.670907717826897,1.2111807408042832,700.0,800.0,0.02473070578418093,-0.010385266946415506,-0.011191117809115997,-0.01932233033156938,-0.010359275215975627,0.011629582648890968,-0.01934498301823706,0.0,0.0
1.1000000000000008,grasped,0.3482772989722418,-0.276715556760765,0.0,0.0,4.769002229753004,1.2111808028699476,700.0,800.0,0.024736615087549207,-0.010471797043356434,-0.01129117922174161,-0.019224348490621934,-0.010446165367442528,0.011727071252971066,-0.01924709908424116,0.0,0.0
1.1100000000000008,grasped,0.34777923069614936,-0.3247953659826945,0.0,0.0,4.867096962905441,1.2111808649366624,700.0,800.0,0.024736163789994166,-0.010551389396200705,-0.011378047748204612,-0.019128613355394286,-0.0105261230898136,0.011811227889039294,-0.019151439290261862,0.0,0.0
1.1200000000000008,grasped,0.3472811624200569,-0.3738561752046239,0.0,0.0,4.965191904172245,1.2111809270044278,700.0,800.0,0.024729603002310425,-0.010624258702621014,-0.01145257318201054,-0.019035099338065464,-0.010599353829560454,0.011882921341880237,-0.019057994221909236,0.0,0.0
1.1300000000000008,grasped,0.34678309414396447,-0.4238979844265533,0.0,0.0,5.06328704145754,1.2111809890732437,700.0,800.0,0.024717277943060473,-0.010690684248462423,-0.011515664689906419,-0.01894380074153279,-0.010666143823933383,0.01194305864207057,-0.01896674840628787,0.0,0.0
1.1400000000000008,grasped,0.346285025867872,-0.4749207936484828,0.0,0.0,5.161382363584981,1.21118105114311,700.0,800.0,0.024699576863424173,-0.010750968955707818,-0.011568230292964582,-0.018854711205317787,-0.010726798443801089,0.011992554049138737,-0.018877689095825545,0.0,0.0
1.1500000000000008,grasped,0.3457869575917796,-0.5269246028704122,0.0,0.0,5.259477860212013,1.211181113214027,700.0,800.0,0.024676904924542276,-0.010805417774496562,-0.011611153432071919,-0.018767821381106775,-0.010781620432133321,0.012032303899336322,-0.018790804854106224,0.0,0.0
1.1600000000000008,grasped,0.34528888931568713,-0.5799094120923415,0.0,0.0,5.357573521753535,1.2111811752859947,700.0,800.0,0.0246496703746999,-0.010854328053760354,-0.011645284484428114,-0.01868311425643321,-0.010830903257248337,0.012063169357878406,-0.018706089436093087,0.0,0.0
1.1700000000000008,grasped,0.3447908210395947,-0.6338752213142707,0.0,0.0,5.455669339313813,1.2111812373590127,700.0,800.0,0.02461827516654446,-0.01089797832776862,-0.011671437573061494,-0.018600584872990877,-0.01087493220779212,0.012085965080955219,-0.018623521589371306,0.0,0.0
1.1800000000000008,grasped,0.34429275276350224,-0.6888220305362001,0.0,0.0,5.553765304625597,1.2111812994330813,700.0,800.0,0.024583111141581092,-0.010936636937203925,-0.011690377728816592,-0.018520220284531264,-0.010913974432278428,0.012101466224992918,-0.01854308775051905,0.0,0.0
1.1900000000000008,grasped,0.3437946844874098,-0.7447498397581296,0.0,0.0,5.651861409995586,1.2111813615082005,700.0,800.0,0.024544557015883334,-0.01097055996033075,-0.0117028244039864,-0.018442001842055356,-0.010948282396319675,0.012110402752448485,-0.01846477972050209,0.0,0.0
1.2000000000000008,grasped,0.34329661621131735,-0.801658648980059,0.0,0.0,5.749957648255466,1.2111814235843705,700.0,800.0,0.024502976193177543,-0.0109999857257847,-0.011709457713224208,-0.01836592026821615,-0.010978099697930122,0.012113454557533598,-0.018388579000953476,0.0,0.0
1.2100000000000009,grasped,0.3427985479352249,-0.8595484582019883,0.0,0.0,5.848054012717887,1.211181485661591,700.0,800.0,0.024458715691846628,-0.011025140407862732,-0.011710911828116344,-0.018291966141139704,-0.011003655709472926,0.012111260044608801,-0.018314467324859196,0.0,0.0
1.2200000000000009,grasped,0.34230047965913246,-0.9184192674239176,0.0,0.0,5.946150497136783,1.2111815477398624,700.0,800.0,0.024412106056574467,-0.011046244874007072,-0.01170777092196712,-0.018220116393101393,-0.01102516078703053,0.012104423696863015,-0.018242440970987928,0.0,0.0
1.2300000000000009,grasped,0.34180241138304,-0.9782710766458467,0.0,0.0,6.044247095671573,1.211181609819184,700.0,800.0,0.02436346028986059,-0.011063500048919539,-0.011700591495028917,-0.018150363811331727,-0.011042824513338767,0.012093496621751465,-0.01817247846354897,0.0,0.0
1.2400000000000009,grasped,0.34130434310694757,-1.0391038858677757,0.0,0.0,6.142343802854777,1.211181671899557,700.0,800.0,0.024313074017035027,-0.011077098345780745,-0.011689887448999764,-0.018082697816769522,-0.011056842826847546,0.012078994853044728,-0.018104561953037,0.0,0.0
1.2500000000000009,grasped,0.3408062748308551,-1.1009176950897046,0.0,0.0,6.2404406135626935,1.21118173398098,700.0,800.0,0.024261225843147972,-0.011087228563603335,-0.011676127585278279,-0.018017095172492725,-0.011067394252325002,0.012061406364603872,-0.01803868656027552,0.0,0.0
1.260000000000001,grasped,0.3403082065547627,-1.1637125043116334,0.0,0.0,6.338537522988797,1.211181796063454,700.0,800.0,0.024208177167174442,-0.011094062534371618,-0.011659757258123932,-0.01795354490279255,-0.011074657607455074,0.012041172020923668,-0.017974833140038893,0.0,0.0
