condition,seed,episode,term,mean,std,min,max,updates
D0,7,0,total_actor_loss,0.0122243165748,0.00190911820869,0,0.0125261470675,42
D0,7,0,entropy_bonus,0.0122243091719,0.00190911705154,-0,0.0125261163712,42
D0,7,0,policy_surrogate_loss,7.40286140188e-09,9.38796804884e-08,-2.08355486394e-07,2.3916363716e-07,42
D0,7,100,total_actor_loss,0.0124889974505,8.31725907114e-07,0.0124872243032,0.0124900471419,41
D0,7,100,entropy_bonus,0.0124890042514,8.3088526849e-07,0.0124872760773,0.0124897527695,41
D0,7,100,policy_surrogate_loss,-6.80092631351e-09,9.89301328885e-08,-3.05332243444e-07,3.02955508232e-07,41
D0,7,200,total_actor_loss,0.0125161527724,1.0730614922e-06,0.0125135118142,0.0125172026455,41
D0,7,200,entropy_bonus,0.0125161535217,1.0684898933e-06,0.0125135412216,0.0125169744492,41
D0,7,200,policy_surrogate_loss,-7.49237653922e-10,8.70708870214e-08,-1.71206891537e-07,2.51218676566e-07,41
D0,7,300,total_actor_loss,0.0125108490494,3.1098237594e-07,0.0125100649893,0.012511221692,41
D0,7,300,entropy_bonus,0.0125108564191,3.16268426558e-07,0.0125100870132,0.0125111064911,41
D0,7,300,policy_surrogate_loss,-7.36971453951e-09,8.3015192096e-08,-1.93148851396e-07,1.49913132191e-07,41
D0,7,399,total_actor_loss,0.0121820699656,0.00195069239192,0,0.0124946981668,40
D0,7,399,entropy_bonus,0.0121820612669,0.00195069099668,-0,0.0124945993423,40
D0,7,399,policy_surrogate_loss,8.69873911127e-09,1.07855967277e-07,-2.68034636975e-07,3.95841896534e-07,40
D0,17,0,total_actor_loss,0.0125267607637,3.09236377668e-07,0.0125257410109,0.0125272879377,41
D0,17,0,entropy_bonus,0.0125267640556,2.93176886552e-07,0.0125257177353,0.0125272903442,41
D0,17,0,policy_surrogate_loss,-3.29188457362e-09,8.44165019125e-08,-2.87115573884e-07,1.49160623551e-07,41
D0,17,100,total_actor_loss,0.0125200343676,1.57980640947e-06,0.0125162964687,0.0125214233994,39
D0,17,100,entropy_bonus,0.0125200319779,1.57512868371e-06,0.0125164299011,0.0125213356018,39
D0,17,100,policy_surrogate_loss,2.38972596608e-09,7.97908582437e-08,-2.00383365154e-07,1.64277851581e-07,39
D0,17,200,total_actor_loss,0.012506162407,4.46560487773e-07,0.0125055788085,0.0125071341172,41
D0,17,200,entropy_bonus,0.0125061541301,4.44338670255e-07,0.0125055866241,0.0125071334839,41
D0,17,200,policy_surrogate_loss,8.27686815689e-09,8.0760588543e-08,-1.29766762258e-07,2.24083662032e-07,41
D0,17,300,total_actor_loss,0.0125187070495,1.64663187386e-07,0.012518312782,0.0125192413107,41
D0,17,300,entropy_bonus,0.0125186946915,9.98188988772e-08,0.0125184926987,0.0125188903809,41
D0,17,300,policy_surrogate_loss,1.23579691095e-08,1.06367631889e-07,-2.07573175431e-07,3.50929796696e-07,41
D0,17,399,total_actor_loss,0.0122166108794,0.00193161596281,0,0.0125241689384,41
D0,17,399,entropy_bonus,0.0122165877412,0.00193161230556,-0,0.0125241632462,41
D0,17,399,policy_surrogate_loss,2.31382323472e-08,9.06866400892e-08,-2.1556019783e-07,2.39104032516e-07,41
D0,27,0,total_actor_loss,0.0125207173888,2.13686878409e-06,0.0125186527148,0.0125256851315,41
D0,27,0,entropy_bonus,0.012520701199,2.1503150477e-06,0.0125186042786,0.0125257177353,41
D0,27,0,policy_surrogate_loss,1.61897481939e-08,1.00336797169e-07,-1.4853477478e-07,2.20634043216e-07,41
D0,27,100,total_actor_loss,0.0121834348837,0.00203057302109,0,0.01252333913,37
D0,27,100,entropy_bonus,0.0121834728911,0.00203057934244,-0,0.0125232172012,37
D0,27,100,policy_surrogate_loss,-3.80074252955e-08,8.92770260933e-08,-2.97822058201e-07,1.21928751469e-07,37
D0,27,200,total_actor_loss,0.0125085647877,4.78219799542e-07,0.012507840991,0.0125098088756,41
D0,27,200,entropy_bonus,0.0125085441078,4.83498383423e-07,0.0125079879761,0.0125096521378,41
D0,27,200,policy_surrogate_loss,2.06799041931e-08,1.0391497937e-07,-1.85206532478e-07,4.22053039073e-07,41
D0,27,300,total_actor_loss,0.0122237643454,0.00193274694593,0,0.0125306453556,41
D0,27,300,entropy_bonus,0.0122237492305,0.00193274455775,-0,0.0125307044983,41
D0,27,300,policy_surrogate_loss,1.51148656516e-08,8.64221255683e-08,-1.74701213837e-07,2.24404036998e-07,41
D0,27,399,total_actor_loss,0.0125287057876,1.33994040427e-06,0.0125256692991,0.0125299273059,42
D0,27,399,entropy_bonus,0.0125286908377,1.34919599607e-06,0.012525633812,0.012529750824,42
D0,27,399,policy_surrogate_loss,1.4949944757e-08,8.38477270266e-08,-1.55642628671e-07,1.98431313037e-07,42
D1,7,0,total_actor_loss,0.012224304645,0.00190911635137,0,0.0125261470675,42
D1,7,0,entropy_bonus,0.0122243093082,0.00190911707276,-0,0.0125261163712,42
D1,7,0,policy_surrogate_loss,-4.66317648008e-09,9.66703424835e-08,-2.00755894185e-07,2.31713056563e-07,42
D1,7,100,total_actor_loss,0.012356065032,1.60576348072e-06,0.0123522914946,0.0123574007303,41
D1,7,100,entropy_bonus,0.0123560608422,1.62112419677e-06,0.0123522872925,0.0123573522568,41
D1,7,100,policy_surrogate_loss,4.18977039597e-09,9.12745595954e-08,-2.07573175431e-07,2.95102596283e-07,41
D1,7,200,total_actor_loss,0.0123931533149,1.73094484939e-06,0.0123889679089,0.0123945986852,44
D1,7,200,entropy_bonus,0.0123931472301,1.69830010738e-06,0.0123891458511,0.0123944587708,44
D1,7,200,policy_surrogate_loss,6.08475370811e-09,9.32166006682e-08,-3.46899032593e-07,1.72108411788e-07,44
D1,7,300,total_actor_loss,0.0120437096228,0.00188091180428,0,0.0123404152691,42
D1,7,300,entropy_bonus,0.012043691726,0.00188090899998,-0,0.0123400421143,42
D1,7,300,policy_surrogate_loss,1.78968267779e-08,1.22487936731e-07,-2.07766890525e-07,3.73154878617e-07,42
D1,7,399,total_actor_loss,0.0119931791886,0.00189628830811,0,0.0122937262058,41
D1,7,399,entropy_bonus,0.0119931828569,0.00189628887677,-0,0.012293633461,41
D1,7,399,policy_surrogate_loss,-3.66822975467e-09,7.72067215505e-08,-2.44967639446e-07,1.79067254066e-07,41
D1,17,0,total_actor_loss,0.0125267607637,3.09236377668e-07,0.0125257410109,0.0125272879377,41
D1,17,0,entropy_bonus,0.0125267640556,2.93176886552e-07,0.0125257177353,0.0125272903442,41
D1,17,0,policy_surrogate_loss,-3.29188457362e-09,8.44165019125e-08,-2.87115573884e-07,1.49160623551e-07,41
D1,17,100,total_actor_loss,0.0120725875669,0.00204064031741,0,0.0124190328643,36
D1,17,100,entropy_bonus,0.0120725879404,0.00204064037139,-0,0.0124189147949,36
D1,17,100,policy_surrogate_loss,-3.73563832934e-10,6.72375787611e-08,-1.6675144434e-07,1.57088041306e-07,36
D1,17,200,total_actor_loss,0.0122962651422,6.71593781969e-07,0.012294546701,0.0122969187796,37
D1,17,200,entropy_bonus,0.0122962509877,6.54220545513e-07,0.0122946853638,0.0122967538834,37
D1,17,200,policy_surrogate_loss,1.41544921976e-08,9.37194572539e-08,-2.18227505684e-07,3.28242778777e-07,37
D1,17,300,total_actor_loss,0.0118569418083,0.00197615748039,0,0.0121892625466,37
D1,17,300,entropy_bonus,0.0118569441873,0.00197615788468,-0,0.0121892690659,37
D1,17,300,policy_surrogate_loss,-2.37895024799e-09,7.99392819719e-08,-1.33357942104e-07,1.87285244464e-07,37
D1,17,399,total_actor_loss,0.0121348723315,1.45028647276e-07,0.0121342949569,0.0121351201087,41
D1,17,399,entropy_bonus,0.0121348864393,8.96682569095e-08,0.012134636879,0.0121349716187,41
D1,17,399,policy_surrogate_loss,-1.41077652213e-08,1.06032443043e-07,-3.41922044754e-07,2.61284410953e-07,41
D1,27,0,total_actor_loss,0.0125207024195,2.1446122575e-06,0.012518604286,0.0125256851315,41
D1,27,0,entropy_bonus,0.0125207011525,2.15036043289e-06,0.0125186023712,0.0125257177353,41
D1,27,0,policy_surrogate_loss,1.26696214415e-09,9.54992886356e-08,-1.92873179913e-07,2.2029876709e-07,41
D1,27,100,total_actor_loss,0.0124184181279,1.5287752245e-06,0.0124142225832,0.0124206058681,44
D1,27,100,entropy_bonus,0.0124183935035,1.53195483068e-06,0.0124144277573,0.0124201974869,44
D1,27,100,policy_surrogate_loss,2.46243382039e-08,3.37439278742e-07,-6.66327774524e-07,1.50515884161e-06,44
D1,27,200,total_actor_loss,0.0122154396959,8.247475596e-07,0.0122138746083,0.0122172813863,40
D1,27,200,entropy_bonus,0.0122154532671,8.41702199997e-07,0.0122145776749,0.012217414856,40
D1,27,200,policy_surrogate_loss,-1.35712325576e-08,1.7065888581e-07,-7.59333372116e-07,4.69908118248e-07,40
D1,27,300,total_actor_loss,0.0121166745434,9.0514911119e-07,0.0121157038957,0.0121187502518,40
D1,27,300,entropy_bonus,0.0121166652918,9.21411921681e-07,0.0121157388687,0.0121188468933,40
D1,27,300,policy_surrogate_loss,9.25157219145e-09,7.85662898691e-08,-1.26414000988e-07,2.13690102099e-07,40
D1,27,399,total_actor_loss,0.0117484454474,0.0018575923471,0,0.0120428204536,41
D1,27,399,entropy_bonus,0.0117484277167,0.00185758954201,-0,0.0120426855087,41
D1,27,399,policy_surrogate_loss,1.77307463272e-08,8.26255913255e-08,-2.08422541618e-07,1.94452702999e-07,41
D2,7,0,total_actor_loss,0.0122242957531,0.00190911495313,0,0.0125260585919,42
D2,7,0,entropy_bonus,0.0122243077641,0.00190911683218,-0,0.0125261163712,42
D2,7,0,policy_surrogate_loss,-1.20110455017e-08,1.04695895181e-07,-2.48722732068e-07,2.38694250584e-07,42
D2,7,100,total_actor_loss,0.0123797215056,4.20954250609e-07,0.0123779848218,0.0123807480559,44
D2,7,100,entropy_bonus,0.0123797441396,1.73772764151e-07,0.012379324913,0.0123799381256,44
D2,7,100,policy_surrogate_loss,-2.26340171968e-08,3.62539134826e-07,-1.34009122849e-06,1.2839064002e-06,44
D2,7,200,total_actor_loss,0.0122231136457,1.72051255614e-07,0.0122225722298,0.0122234234586,44
D2,7,200,entropy_bonus,0.012223120451,1.44834260572e-07,0.0122228240967,0.0122232885361,44
D2,7,200,policy_surrogate_loss,-6.80525871848e-09,9.57069490419e-08,-4.7216564417e-07,1.49227678775e-07,44
D2,7,300,total_actor_loss,0.0120755613782,1.14747742307e-06,0.0120720360428,0.0120766665787,40
D2,7,300,entropy_bonus,0.0120755309105,1.14119684459e-06,0.0120729055405,0.0120764083862,40
D2,7,300,policy_surrogate_loss,3.04676592347e-08,2.24292001301e-07,-8.79034399987e-07,7.45423138141e-07,40
D2,7,399,total_actor_loss,0.011947703309,9.69493156049e-07,0.0119448434561,0.0119485110044,39
D2,7,399,entropy_bonus,0.0119477436604,9.33017510354e-07,0.0119453239441,0.0119484319687,39
D2,7,399,policy_surrogate_loss,-4.03513893107e-08,1.71124845346e-07,-7.78034329414e-07,3.28831374645e-07,39
D2,17,0,total_actor_loss,0.0125267765735,3.03206223862e-07,0.0125257410109,0.0125272618607,41
D2,17,0,entropy_bonus,0.0125267643347,2.93299699644e-07,0.0125257177353,0.0125272903442,41
D2,17,0,policy_surrogate_loss,1.22387598199e-08,1.17716154718e-07,-2.36235558986e-07,3.77848744392e-07,41
D2,17,100,total_actor_loss,0.0121469538341,0.00192060207808,0,0.0124518461525,41
D2,17,100,entropy_bonus,0.0121469727726,0.00192060507488,-0,0.0124517974854,41
D2,17,100,policy_surrogate_loss,-1.89384672703e-08,1.11959366743e-07,-5.88141381741e-07,1.41941010952e-07,41
D2,17,200,total_actor_loss,0.0123925332446,6.13645312489e-07,0.0123900528997,0.0123929884285,44
D2,17,200,entropy_bonus,0.0123925303112,5.64154312782e-07,0.012391046524,0.0123929462433,44
D2,17,200,policy_surrogate_loss,2.93332744714e-09,3.28072031657e-07,-1.21392309666e-06,1.69962644577e-06,44
D2,17,300,total_actor_loss,0.0123161239211,7.50714588307e-07,0.0123149203137,0.0123178744689,44
D2,17,300,entropy_bonus,0.0123161473057,7.43821935546e-07,0.0123151311874,0.0123176403046,44
D2,17,300,policy_surrogate_loss,-2.3384663192e-08,1.44597617844e-07,-7.07253813743e-07,3.85798513889e-07,44
D2,17,399,total_actor_loss,0.01050052406,0.00428682110823,0,0.012252504006,7
D2,17,399,entropy_bonus,0.0105007603509,0.00428691746397,-0,0.0122511634827,7
D2,17,399,policy_surrogate_loss,-2.36290906157e-07,1.04111705208e-06,-2.16776877642e-06,1.56559050083e-06,7
D2,27,0,total_actor_loss,0.0125207165483,2.15295340265e-06,0.0125184357166,0.0125256851315,41
D2,27,0,entropy_bonus,0.0125207007804,2.15039333593e-06,0.0125186014175,0.0125257177353,41
D2,27,0,policy_surrogate_loss,1.57679726435e-08,8.31918858646e-08,-1.65700912476e-07,2.2442638874e-07,41
D2,27,100,total_actor_loss,0.0124477364589,9.53835616637e-07,0.0124451071024,0.0124491713941,44
D2,27,100,entropy_bonus,0.0124477054639,9.4402355848e-07,0.012445681572,0.0124490242004,44
D2,27,100,policy_surrogate_loss,3.09949232771e-08,4.16862765347e-07,-9.37819480896e-07,1.17042660713e-06,44
D2,27,200,total_actor_loss,0.0122881567833,1.2118502132e-06,0.0122844344005,0.0122890919447,41
D2,27,200,entropy_bonus,0.0122881127102,1.32137375575e-06,0.0122849693298,0.0122890815735,41
D2,27,200,policy_surrogate_loss,4.40730917741e-08,3.35631198336e-07,-6.51277601718e-07,1.63225829601e-06,41
D2,27,300,total_actor_loss,0.0120925278064,1.01847293136e-06,0.01209144108,0.012095592916,44
D2,27,300,entropy_bonus,0.0120925148617,9.70053246987e-07,0.0120914297104,0.0120943517685,44
D2,27,300,policy_surrogate_loss,1.29447064614e-08,4.08731182259e-07,-2.05552577972e-06,1.2668967247e-06,44
D2,27,399,total_actor_loss,0.0119702354582,1.50712446381e-06,0.0119672250003,0.011973711662,44
D2,27,399,entropy_bonus,0.0119701041308,1.41019074555e-06,0.0119677276611,0.0119719667435,44
D2,27,399,policy_surrogate_loss,1.31327320229e-07,1.10713318293e-06,-2.42857635021e-06,3.35312634706e-06,44
D3,7,0,total_actor_loss,0.0122242865286,0.00190911350087,0,0.0125260325149,42
D3,7,0,entropy_bonus,0.0122242930503,0.00190911453637,-0,0.0125261163712,42
D3,7,0,policy_surrogate_loss,-6.52174154946e-09,8.57630984094e-08,-2.07930803299e-07,1.42231583594e-07,42
D3,7,100,total_actor_loss,0.0120444994465,0.00190440275327,0,0.0123464222997,41
D3,7,100,entropy_bonus,0.0120445057008,0.00190440375223,-0,0.0123462533951,41
D3,7,100,policy_surrogate_loss,-6.25430810766e-09,8.88214398155e-08,-1.86078250409e-07,2.39230692386e-07,41
D3,7,200,total_actor_loss,0.0122531376461,1.1804241161e-06,0.0122515782714,0.0122564313933,41
D3,7,200,entropy_bonus,0.0122531006976,1.12230288125e-06,0.012251830101,0.0122553882599,41
D3,7,200,policy_surrogate_loss,3.69485195088e-08,2.09644526738e-07,-4.01929020882e-07,1.12514942884e-06,41
D3,7,300,total_actor_loss,0.0120304740161,1.20006516453e-06,0.012027233839,0.0120324445888,44
D3,7,300,entropy_bonus,0.0120305757089,1.0033564619e-06,0.0120290546417,0.012032409668,44
D3,7,300,policy_surrogate_loss,-1.01692805236e-07,4.17679143054e-07,-2.07448005676e-06,9.94823873043e-07,44
D3,7,399,total_actor_loss,0.0118779655641,1.01206851351e-06,0.0118769174442,0.0118811186403,39
D3,7,399,entropy_bonus,0.0118779202486,9.31402915325e-07,0.0118769016266,0.0118798065186,39
D3,7,399,policy_surrogate_loss,4.53155774333e-08,2.15443412332e-07,-1.03563070298e-07,1.31212174892e-06,39
D3,17,0,total_actor_loss,0.0125268417433,3.04275708575e-07,0.0125257410109,0.0125274555758,41
D3,17,0,entropy_bonus,0.0125268281378,3.00470472545e-07,0.0125257177353,0.0125273580551,41
D3,17,0,policy_surrogate_loss,1.36054870555e-08,9.49834931206e-08,-2.11887061596e-07,1.94683670997e-07,41
D3,17,100,total_actor_loss,0.0120611895755,0.00203871320972,0,0.0124070122838,36
D3,17,100,entropy_bonus,0.012061214606,0.00203871744343,-0,0.0124069375992,36
D3,17,100,policy_surrogate_loss,-2.50304324761e-08,1.19693163438e-07,-3.94664704801e-07,1.88410282135e-07,36
D3,17,200,total_actor_loss,0.0122796410525,9.42278583413e-07,0.0122785614803,0.0122822755948,44
D3,17,200,entropy_bonus,0.0122796135599,8.60383488597e-07,0.0122786340714,0.012281414032,44
D3,17,200,policy_surrogate_loss,2.74926424024e-08,1.59881169717e-07,-1.74827873707e-07,8.61562788486e-07,44
D3,17,300,total_actor_loss,0.0122375604031,5.5270160929e-07,0.0122365346178,0.0122383832932,7
D3,17,300,entropy_bonus,0.0122374207633,8.40868445285e-08,0.0122373275757,0.0122375335693,7
D3,17,300,policy_surrogate_loss,1.39639845916e-07,5.41949167959e-07,-9.53175127506e-07,8.49723815918e-07,7
D3,17,399,total_actor_loss,0.0121930510634,1.5900499797e-06,0.0121912043542,0.0121963964775,9
D3,17,399,entropy_bonus,0.0121928697162,1.16367035545e-06,0.0121910543442,0.0121945486069,9
D3,17,399,policy_surrogate_loss,1.81347131729e-07,7.41282923708e-07,-1.09432637692e-06,1.84787064791e-06,9
D3,27,0,total_actor_loss,0.012520615284,2.14897323064e-06,0.0125185297802,0.0125256851315,41
D3,27,0,entropy_bonus,0.0125206100185,2.16503095239e-06,0.0125185079575,0.0125257177353,41
D3,27,0,policy_surrogate_loss,5.26556154556e-09,1.94479209242e-07,-1.71110033989e-07,1.10495090485e-06,41
D3,27,100,total_actor_loss,0.0124131431168,5.77421887503e-07,0.0124118346721,0.0124142430723,44
D3,27,100,entropy_bonus,0.0124132854072,4.81015149246e-07,0.0124124345779,0.0124143590927,44
D3,27,100,policy_surrogate_loss,-1.42290341584e-07,4.07732595001e-07,-1.09425932169e-06,7.68177211284e-07,44
D3,27,200,total_actor_loss,0.012237874281,1.0048829642e-06,0.0122367870063,0.0122404070571,42
D3,27,200,entropy_bonus,0.0122378606115,9.91543627762e-07,0.0122367868423,0.012240020752,42
D3,27,200,policy_surrogate_loss,1.3669509263e-08,1.78829978339e-07,-9.00894403457e-07,4.62599098682e-07,42
D3,27,300,total_actor_loss,0.0120383534425,2.99300278152e-07,0.012038028799,0.0120398886502,36
D3,27,300,entropy_bonus,0.0120383789274,1.36220860552e-07,0.0120380020142,0.0120387353897,36
D3,27,300,policy_surrogate_loss,-2.54849178927e-08,2.45608635975e-07,-5.77136874199e-07,1.22287869453e-06,36
D3,27,399,total_actor_loss,0.0118817880072,6.69026840946e-07,0.0118798073381,0.0118839340284,44
D3,27,399,entropy_bonus,0.0118816875544,3.23839892956e-07,0.0118810911179,0.0118820409775,44
D3,27,399,policy_surrogate_loss,1.0045279156e-07,6.11417469226e-07,-1.60166621208e-06,1.90068036318e-06,44
M0,7,0,total_actor_loss,0.0122242865286,0.00190911350087,0,0.0125260325149,42
M0,7,0,entropy_bonus,0.0122242930503,0.00190911453637,-0,0.0125261163712,42
M0,7,0,policy_surrogate_loss,-6.52174154946e-09,8.57630984094e-08,-2.07930803299e-07,1.42231583594e-07,42
M0,7,100,total_actor_loss,0.012039206763,0.00190356579148,0,0.0123431459069,41
M0,7,100,entropy_bonus,0.0120391199065,0.00190355199836,-0,0.0123402023315,41
M0,7,100,policy_surrogate_loss,8.68565062194e-08,4.85082039718e-07,-2.00875103475e-07,3.09997797012e-06,41
M0,7,200,total_actor_loss,0.011945319525,0.00191278247304,0,0.0122527964413,40
M0,7,200,entropy_bonus,0.0119453731298,0.00191279100018,-0,0.0122527008057,40
M0,7,200,policy_surrogate_loss,-5.36048784854e-08,1.31793436451e-07,-4.91514801979e-07,1.49309635163e-07,40
M0,7,300,total_actor_loss,0.0122468904592,1.49519679841e-06,0.0122407507151,0.0122499940917,44
M0,7,300,entropy_bonus,0.0122469204556,8.99916450856e-07,0.0122447366714,0.0122478189468,44
M0,7,300,policy_surrogate_loss,-2.99963761462e-08,1.07654283073e-06,-4.48091328144e-06,2.54135578871e-06,44
M0,7,399,total_actor_loss,0.0123157753101,2.20630556443e-06,0.0123124830425,0.0123206777498,44
M0,7,399,entropy_bonus,0.0123152997277,1.15438388442e-06,0.0123126907349,0.0123160896301,44
M0,7,399,policy_surrogate_loss,4.75582412698e-07,1.68558305066e-06,-3.00955027342e-06,4.72830981016e-06,44
M0,17,0,total_actor_loss,0.0125268417433,3.04275708575e-07,0.0125257410109,0.0125274555758,41
M0,17,0,entropy_bonus,0.0125268281378,3.00470472545e-07,0.0125257177353,0.0125273580551,41
M0,17,0,policy_surrogate_loss,1.36054870555e-08,9.49834931206e-08,-2.11887061596e-07,1.94683670997e-07,41
M0,17,100,total_actor_loss,0.012431788398,4.71046236763e-07,0.0124310348183,0.0124330092221,40
M0,17,100,entropy_bonus,0.0124317436457,4.39389463844e-07,0.0124311752319,0.0124327106476,40
M0,17,100,policy_surrogate_loss,4.47522848842e-08,1.28106270261e-07,-2.15753912926e-07,4.54910099507e-07,40
M0,17,200,total_actor_loss,0.0123914502162,3.70998172886e-07,0.0123905250803,0.0123928757384,42
M0,17,200,entropy_bonus,0.0123915068081,2.18375039535e-07,0.0123911066055,0.0123918008804,42
M0,17,200,policy_surrogate_loss,-5.65919492928e-08,3.51016965314e-07,-1.25100463629e-06,1.07485800981e-06,42
M0,17,300,total_actor_loss,0.0122225941045,5.33471421375e-07,0.0122211286798,0.012224345468,41
M0,17,300,entropy_bonus,0.0122226656007,4.58847784814e-07,0.0122220029831,0.012223487854,41
M0,17,300,policy_surrogate_loss,-7.14961348512e-08,4.72332413561e-07,-2.34296172857e-06,8.65243375302e-07,41
M0,17,399,total_actor_loss,0.0120567931638,1.73814916627e-06,0.0120518505573,0.012058975175,12
M0,17,399,entropy_bonus,0.0120571981271,1.29162420192e-07,0.0120570049286,0.0120574531555,12
M0,17,399,policy_surrogate_loss,-4.0496326983e-07,1.79829853495e-06,-5.60259819031e-06,1.84817612171e-06,12
M0,27,0,total_actor_loss,0.012520615284,2.14897323064e-06,0.0125185297802,0.0125256851315,41
M0,27,0,entropy_bonus,0.0125206100185,2.16503095239e-06,0.0125185079575,0.0125257177353,41
M0,27,0,policy_surrogate_loss,5.26556154556e-09,1.94479209242e-07,-1.71110033989e-07,1.10495090485e-06,41
M0,27,100,total_actor_loss,0.0123998316809,1.59067588508e-06,0.0123967053369,0.0124029060826,44
M0,27,100,entropy_bonus,0.012399787361,1.56548858013e-06,0.0123968429565,0.0124027786255,44
M0,27,100,policy_surrogate_loss,4.43199480119e-08,2.88048075965e-07,-1.05696171522e-06,5.70781528949e-07,44
M0,27,200,total_actor_loss,0.0120864171047,1.98636793934e-06,0.0120842335746,0.0120909130201,42
M0,27,200,entropy_bonus,0.0120864576839,2.04278840886e-06,0.0120843515396,0.012090763092,42
M0,27,200,policy_surrogate_loss,-4.05792324319e-08,2.28329439399e-07,-1.40029937029e-06,2.16558575629e-07,42
M0,27,300,total_actor_loss,0.0118442428321,5.04156556311e-07,0.0118429427966,0.0118452645838,41
M0,27,300,entropy_bonus,0.0118442472365,4.38861716204e-07,0.011843670845,0.011845085144,41
M0,27,300,policy_surrogate_loss,-4.4043834619e-09,3.90362479034e-07,-2.12327390909e-06,1.18914246559e-06,41
M0,27,399,total_actor_loss,0.0117176559711,1.93433167911e-06,0.0117135681212,0.0117227965966,44
M0,27,399,entropy_bonus,0.0117177960222,1.32852917112e-06,0.0117164726257,0.0117203960419,44
M0,27,399,policy_surrogate_loss,-1.40051103451e-07,9.36041833117e-07,-2.93502211571e-06,2.48924642801e-06,44
