condition,seed,phase,cost,residual_median,residual_p05,residual_p95,residual_absolute_median,maximum_absolute_residual,prior_ratio_mean,prior_ratio_median,prior_ratio_p05,prior_ratio_p95
D0,7,intercept,object,0.01950362714131673,-0.010300517988204956,0.041239339844385776,0.031281738917032884,0.074734134833018,1.018432935695663,1.0195036271413167,0.989699482011795,1.0412393398443858
D0,7,intercept,grasp,0.008613858261108397,-0.005705056846618653,0.03297874478149414,0.03088774688720703,0.05284388778686523,1.0104478815049078,1.0086138582611084,0.9942949431533813,1.0329787447814942
D0,7,intercept,compression,0.00344638130148677,-0.012927264648642169,0.013736926447794933,0.012073088629944788,0.03597940860719369,1.0027415599146374,1.003446381301487,0.9870727353513579,1.013736926447795
D0,7,intercept,velocity,0.007820249423384667,-0.043126564390957356,0.03722157499939203,0.024517014101147653,0.07831303089857101,1.002924578904515,1.0078202494233848,0.9568734356090427,1.037221574999392
D0,7,intercept,smoothness,0.002825616816794621,-0.04370901091085357,0.038351071929915645,0.016303063127352843,0.0894282271798219,1.000638177285818,1.0028256168167946,0.9562909890891464,1.0383510719299156
D0,7,pre_impact,object,0.01389762298266093,0.0011076990604400626,0.03022961004575093,0.030517117102940874,0.04745273558298747,1.0147850994444052,1.0138976229826608,1.00110769906044,1.0302296100457509
D0,7,pre_impact,grasp,0.00232526069641113,-0.008421634910583491,0.012926693313598636,0.0319252205657959,0.04179313537597656,1.0022412383830543,1.0023252606964113,0.9915783650894165,1.0129266933135985
D0,7,pre_impact,compression,0.0024607878239192157,-0.001484123084390777,0.006545080852812366,0.012759232352832113,0.016253548245482974,1.0024994949718455,1.0024607878239191,0.9985158769156093,1.0065450808528125
D0,7,pre_impact,velocity,0.0030611156696473242,-0.039681453126788745,0.03305929421032304,0.024878173272383498,0.05145806288719448,1.000400805403082,1.0030611156696474,0.9603185468732113,1.033059294210323
D0,7,pre_impact,smoothness,0.0017032553846431243,-0.0488702222460031,0.04111116024311322,0.016546613240198096,0.06046682177848742,1.0000300742453208,1.0017032553846432,0.9511297777539969,1.0411111602431131
D0,7,capture,object,0.007952608447372389,-0.0009219478632532782,0.016496672371680638,0.031943741674699815,0.042689361254084165,1.007764535671306,1.0079526084473724,0.9990780521367466,1.0164966723716806
D0,7,capture,grasp,0.0015667963128896936,-0.004865068055033177,0.006820276974022037,0.029146330254317905,0.03567672721947293,1.001390566640757,1.0015667963128896,0.9951349319449668,1.006820276974022
D0,7,capture,compression,0.00029678405742282856,-0.003712104098339461,0.0050806201910611115,0.014315514979992804,0.018748441431149076,1.0004536583977537,1.0002967840574228,0.9962878959016606,1.0050806201910611
D0,7,capture,velocity,0.002548394695941121,-0.034200072219060434,0.031061916916931085,0.02476005828519743,0.04934391660240234,1.0005009327808545,1.002548394695941,0.9657999277809396,1.031061916916931
D0,7,capture,smoothness,0.00134103339619275,-0.04567108229684689,0.03998689927515732,0.019019630343371053,0.058303009226007986,0.9999042620024068,1.0013410333961927,0.9543289177031531,1.0399868992751573
D0,7,hold,object,0.0062629040849568555,-0.0013314868540641835,0.013994507599828735,0.018160869460897084,0.038121977666626734,1.0062089473827143,1.0062629040849569,0.9986685131459359,1.0139945075998287
D0,7,hold,grasp,-0.0018128930773465065,-0.007539901888829472,0.002426865106280539,0.01671555795816272,0.03160440928491523,0.9978889868722135,0.9981871069226534,0.9924600981111705,1.0024268651062804
D0,7,hold,compression,0.0003039496352934755,-0.00292775820684967,0.0038689859841309904,0.00847541937415525,0.016808565467555367,1.0003793249745931,1.0003039496352935,0.9970722417931503,1.003868985984131
D0,7,hold,velocity,-0.000671718255273806,-0.021320053462131824,0.017339730645278502,0.013424634418106228,0.04295278181985605,0.998506654227579,0.9993282817447262,0.9786799465378682,1.0173397306452785
D0,7,hold,smoothness,-0.00018546798877523512,-0.025946625853343522,0.022351922186188637,0.010936128150964107,0.05017543420393164,0.9992782394017944,0.9998145320112247,0.9740533741466564,1.0223519221861885
D0,17,intercept,object,0.03279646801948547,0.005705827260017393,0.05754675509929656,0.033964972178141276,0.06802788257598877,1.032292706017805,1.0327964680194857,1.0057058272600172,1.0575467550992965
D0,17,intercept,grasp,0.02032457893371582,-0.0011475857772827159,0.03611729887390137,0.03557894439697265,0.05529739196777344,1.0197332847345146,1.0203245789337156,0.9988524142227172,1.0361172988739014
D0,17,intercept,compression,-0.000626613562902606,-0.01700062471254729,0.005850691922371206,0.010489958927184953,0.027321230771821275,0.9980692174128347,0.9993733864370975,0.9829993752874526,1.005850691922371
D0,17,intercept,velocity,0.011219488754868508,-0.055823869638144966,0.03309826542437076,0.025665958970785142,0.07657748073339463,1.0024980134278139,1.0112194887548684,0.9441761303618551,1.0330982654243706
D0,17,intercept,smoothness,-0.0017652367909962413,-0.04249983334914097,0.02938578183746662,0.014113309489737307,0.07230125278530637,0.9970517387568427,0.9982347632090037,0.9575001666508591,1.0293857818374665
D0,17,pre_impact,object,0.02515418148040772,0.012961812822024027,0.04229044183095296,0.02882464941342672,0.048602152824401855,1.0261767119561107,1.0251541814804077,1.0129618128220241,1.0422904418309529
D0,17,pre_impact,grasp,0.014515071563720705,0.005065239234924318,0.023517999031066893,0.029354239654541016,0.04021114395141602,1.0142777224159405,1.0145150715637208,1.0050652392349242,1.023517999031067
D0,17,pre_impact,compression,0.0037686783632135228,-0.000339637124717868,0.006236269718489252,0.011049105756001962,0.013830148141444083,1.0033230889555151,1.0037686783632136,0.9996603628752823,1.0062362697184892
D0,17,pre_impact,velocity,0.009311567904976488,-0.04647464190309039,0.029103311459485567,0.02270179949287927,0.054431365464484446,1.002367875425524,1.0093115679049764,0.9535253580969096,1.0291033114594856
D0,17,pre_impact,smoothness,-0.0012883511836811554,-0.04631429978035623,0.034067987272894264,0.014409527728047688,0.05189751196615047,0.9974019365523268,0.9987116488163188,0.9536857002196438,1.0340679872728942
D0,17,capture,object,0.012545498573678374,0.002940944317834864,0.022969665100219153,0.026531255276194276,0.03882307597421009,1.0125945879894593,1.0125454985736784,1.0029409443178348,1.022969665100219
D0,17,capture,grasp,0.007762980213581358,0.0023672513420122687,0.013699849588852049,0.02359920647568946,0.030723693729344245,1.007844134602375,1.0077629802135812,1.0023672513420123,1.013699849588852
D0,17,capture,compression,0.003672394510969665,-0.0002991153535637174,0.00824343653790333,0.012943856208623563,0.017548812978217837,1.0038104961220533,1.0036723945109696,0.9997008846464364,1.0082434365379032
D0,17,capture,velocity,0.007152097636540015,-0.034475050855147106,0.027411539226292938,0.02109120725498951,0.04725039034958175,1.0028764563756687,1.00715209763654,0.9655249491448528,1.0274115392262928
D0,17,capture,smoothness,0.0011257721826516708,-0.049431149529537234,0.046391787148757406,0.016797065897100276,0.06163626381867738,1.00011744716652,1.0011257721826516,0.9505688504704628,1.0463917871487576
D0,17,hold,object,0.017977211782776812,0.008843145229945107,0.026393421244826885,0.02097086306173298,0.03826935473183596,1.0177671582077155,1.017977211782777,1.0088431452299451,1.026393421244827
D0,17,hold,grasp,0.007216413855170348,0.0020540608756332793,0.012674654238040765,0.01734713548378243,0.029721759659635822,1.007258444948014,1.0072164138551702,1.0020540608756332,1.012674654238041
D0,17,hold,compression,0.0008237061798957651,-0.0018445302810264806,0.0041232137492068395,0.007303135415764022,0.0158954955173899,1.000969469104485,1.0008237061798957,0.9981554697189735,1.0041232137492069
D0,17,hold,velocity,0.0045587498445081795,-0.02810934327323047,0.016629424404738267,0.013577243962000031,0.04304083762545728,1.0003374323614593,1.004558749844508,0.9718906567267694,1.0166294244047385
D0,17,hold,smoothness,-0.0015927155041002754,-0.032305434213410804,0.02556227725052059,0.0098046807475072,0.05583371349648312,0.9980204000016726,0.9984072844958998,0.9676945657865892,1.0255622772505204
D0,27,intercept,object,0.034464032332102455,0.008006333947181705,0.05843428764343261,0.038893921454747515,0.06892063045501709,1.033696371217327,1.0344640323321024,1.0080063339471819,1.0584342876434325
D0,27,intercept,grasp,0.0233895336151123,0.006687241523742676,0.039685508583068844,0.04138553970336914,0.05796583236694335,1.0233323641061849,1.0233895336151122,1.006687241523743,1.0396855085830687
D0,27,intercept,compression,-0.003919224382650488,-0.015451081258042433,0.009192786591980055,0.01210689396251896,0.030072602367809377,0.9963844643973871,0.9960807756173494,0.9845489187419575,1.00919278659198
D0,27,intercept,velocity,0.012984069660305977,-0.05348321317881346,0.03939737270772456,0.030987543910741808,0.07087917611002922,1.005373329761659,1.012984069660306,0.9465167868211866,1.0393973727077246
D0,27,intercept,smoothness,0.002551993317127327,-0.03920850855546431,0.028711268716137564,0.0165919981287122,0.06476146892068581,1.0003184719054103,1.0025519933171274,0.9607914914445357,1.0287112687161375
D0,27,pre_impact,object,0.01451761317253113,0.0003413170735041293,0.03685079491138458,0.02545658445358276,0.051737985134124746,1.0165135354037869,1.014517613172531,1.000341317073504,1.0368507949113845
D0,27,pre_impact,grasp,0.010332950592041017,-0.0012237741622924802,0.025105600822448726,0.030192303009033205,0.04449349731445313,1.0113053882857421,1.010332950592041,0.9987762258377075,1.0251056008224486
D0,27,pre_impact,compression,-0.003454017326294521,-0.0077254638354797445,0.000663013883658104,0.010918195692942261,0.014898108958181529,0.996488672855524,0.9965459826737054,0.9922745361645204,1.000663013883658
D0,27,pre_impact,velocity,0.005596113684936872,-0.03799261819982213,0.03265605637853767,0.02339286882907321,0.05132463518491415,1.0026845287552288,1.0055961136849367,0.962007381800178,1.0326560563785376
D0,27,pre_impact,smoothness,0.0035169146746603353,-0.04282779123806772,0.03334046795722046,0.014581271083737062,0.05173191545397664,1.0006728625709755,1.0035169146746603,0.9571722087619322,1.0333404679572207
D0,27,capture,object,0.0005325567496965695,-0.007845286883043198,0.009285855145372966,0.021349093680958237,0.031177683126622866,1.000651440182697,1.0005325567496965,0.9921547131169569,1.009285855145373
D0,27,capture,grasp,0.0015675010032608547,-0.004654764728106178,0.007506423605420884,0.023449291561406863,0.03019787242690508,1.0015004957539377,1.0015675010032608,0.9953452352718938,1.0075064236054208
D0,27,capture,compression,-0.003617566250860869,-0.008299642526884414,0.0014199962393689487,0.013979885514477708,0.019028093848902115,0.9964534390855917,0.9963824337491389,0.9917003574731156,1.0014199962393688
D0,27,capture,velocity,0.0005103870602692473,-0.026926661405608173,0.025746083016868936,0.02048030996760885,0.037709755379618425,1.000044091665058,1.0005103870602692,0.9730733385943917,1.025746083016869
D0,27,capture,smoothness,0.001608517694043713,-0.04212644318329465,0.03733154608207563,0.014982692079284715,0.052957884442994214,0.9998099497988631,1.0016085176940437,0.9578735568167053,1.0373315460820758
D0,27,hold,object,0.004650899913736463,-0.0027160353166309032,0.01222535894922824,0.01211324905281116,0.03096538404671715,1.0045641543951576,1.0046508999137365,0.9972839646833691,1.0122253589492283
D0,27,hold,grasp,0.0068382067491720554,0.00035936105119889196,0.010761892722324333,0.013044488184092429,0.027628201809102866,1.006411542818328,1.0068382067491721,1.000359361051199,1.0107618927223243
D0,27,hold,compression,-0.0008583584150631784,-0.005797742404950279,0.003464284385416263,0.007528419282791304,0.019218171877919448,0.9990134799901692,0.9991416415849368,0.9942022575950498,1.0034642843854162
D0,27,hold,velocity,0.003960681302896277,-0.017073166097604325,0.01407085691992457,0.010477416891533933,0.03462066381771556,1.001829025022469,1.0039606813028963,0.9829268339023957,1.0140708569199246
D0,27,hold,smoothness,0.0005702174802931367,-0.019358197800815432,0.0144067661208762,0.00795684585569748,0.04395072915440179,0.9997681675699058,1.000570217480293,0.9806418021991846,1.0144067661208762
D1,7,intercept,object,0.4027800617218017,0.23492500954469045,0.45215861694018045,0.40344787188371023,0.4634815052350362,1.3806408445997576,1.4027800617218018,1.2349250095446904,1.4521586169401803
D1,7,intercept,grasp,-0.37445794555664064,-0.41024076872634885,0.08598378656387323,0.4088027304840088,0.46803465019226076,0.7074007979399838,0.6255420544433593,0.5897592312736513,1.0859837865638733
D1,7,intercept,compression,-0.2698779337405722,-0.33354561370170693,0.06958660200854236,0.3424285614594287,0.4761963805936817,0.7842746763430466,0.7301220662594278,0.666454386298293,1.0695866020085425
D1,7,intercept,velocity,-0.36938119783997536,-0.4932635026201606,0.30443411048501723,0.4059519752860069,0.5418882885575295,0.7371195759108935,0.6306188021600246,0.5067364973798394,1.3044341104850172
D1,7,intercept,smoothness,-0.24385040248594578,-0.5017354392933036,0.3184766122180727,0.339367040218904,0.5570324081810951,0.8510415647921227,0.7561495975140542,0.4982645607066965,1.3184766122180727
D1,7,pre_impact,object,0.29929991205533346,0.1823292806704839,0.42781603307724,0.3384989103476206,0.44441121848424275,1.3071886925225704,1.2992999120553335,1.182329280670484,1.4278160330772403
D1,7,pre_impact,grasp,-0.3924312121582031,-0.4481532093009949,-0.3239359948921204,0.40484047653198246,0.4509077808380127,0.6095385838442668,0.6075687878417969,0.5518467906990052,0.6760640051078797
D1,7,pre_impact,compression,-0.3006972604404616,-0.3666431819068954,-0.20710466582799295,0.3470869765812251,0.4036433540923753,0.7033624158415988,0.6993027395595385,0.6333568180931046,0.792895334172007
D1,7,pre_impact,velocity,-0.31670985701288795,-0.4647368743856734,0.4405659322859725,0.3926735369036109,0.4882502276686927,0.8182284035969941,0.683290142987112,0.5352631256143267,1.4405659322859725
D1,7,pre_impact,smoothness,0.0803244305407249,-0.43756143347649695,0.427344994908127,0.3131845295236978,0.5097261537981549,1.0196276982430035,1.080324430540725,0.5624385665235031,1.4273449949081272
D1,7,capture,object,0.18196941287933496,0.11401237110423171,0.22582427523068116,0.33208200445574315,0.37748642712729596,1.1768147854421755,1.181969412879335,1.1140123711042316,1.2258242752306814
D1,7,capture,grasp,-0.2736313877395917,-0.34361323683976225,-0.2275282388366594,0.3695491346479257,0.4132273200363563,0.7246446070335324,0.7263686122604083,0.6563867631602378,0.7724717611633405
D1,7,capture,compression,-0.21976984996516688,-0.2783767361486001,-0.16153310862587977,0.3445142087020843,0.3902986989828274,0.7832400640923637,0.7802301500348331,0.7216232638513999,0.8384668913741202
D1,7,capture,velocity,-0.2107050709798258,-0.3735889234106532,0.3069803351163372,0.41974617030633166,0.49602764430774104,0.8710084143433697,0.7892949290201741,0.6264110765893469,1.306980335116337
D1,7,capture,smoothness,0.04320270612913577,-0.40022089366505514,0.40181873064511736,0.3871625401642113,0.5238896385274874,1.009580836875105,1.0432027061291358,0.5997791063349449,1.401818730645117
D1,7,hold,object,0.16290671013125121,0.1037183875814209,0.2046635919365095,0.2773919103961143,0.36354486578301276,1.1590328850467946,1.1629067101312514,1.103718387581421,1.2046635919365094
D1,7,hold,grasp,-0.28818329864403824,-0.3363943320362318,-0.2619986424750873,0.3158880274924494,0.3980699864605868,0.7067884548964292,0.7118167013559616,0.6636056679637682,0.7380013575249128
D1,7,hold,compression,-0.2541036687891629,-0.30842273436054546,-0.2015339566384123,0.2894301258403415,0.36883629393921247,0.7452814627107721,0.745896331210837,0.6915772656394544,0.7984660433615877
D1,7,hold,velocity,-0.1951745160794966,-0.32561127916143423,0.3817583085255573,0.33749025106643277,0.47853082849219764,0.9032919500001793,0.8048254839205035,0.6743887208385657,1.381758308525557
D1,7,hold,smoothness,0.10401058369447788,-0.31735471063282017,0.371378863413917,0.29162093771530956,0.5025468117465993,1.0544527672212822,1.1040105836944778,0.6826452893671798,1.3713788634139168
D1,17,intercept,object,0.4488896686633428,0.428294560233752,0.5856685685078304,0.5224472503662109,0.5988682448069255,1.4646070829534283,1.4488896686633428,1.4282945602337518,1.5856685685078304
D1,17,intercept,grasp,0.24571106044769286,0.05186935756683351,0.3441960152740478,0.4160486881637573,0.5192791857910156,1.2319930786413533,1.2457110604476929,1.0518693575668336,1.3441960152740478
D1,17,intercept,compression,-0.2959454844844269,-0.5059700831998872,-0.23715384378148105,0.34977758531790104,0.5546977950491339,0.6854629335933172,0.7040545155155731,0.4940299168001128,0.7628461562185188
D1,17,intercept,velocity,0.07303737580776215,-0.5532568906992674,0.28346651078760626,0.46291424505412576,0.5902795177698136,0.9717647274098462,1.073037375807762,0.44674310930073263,1.2834665107876062
D1,17,intercept,smoothness,-0.30300000272877514,-0.5621429219895165,0.4373360758951146,0.43042500616349266,0.6052082163436977,0.8514946416785506,0.6969999972712249,0.43785707801048346,1.4373360758951146
D1,17,pre_impact,object,0.4410572551091512,0.40836213040351865,0.4574591635862986,0.5017384832700094,0.5203941750526428,1.4364391102169436,1.4410572551091512,1.4083621304035185,1.4574591635862988
D1,17,pre_impact,grasp,0.23922455722808839,0.20326764173507691,0.3384171708831787,0.38940443828582766,0.4431018495178223,1.2496709998294575,1.2392245572280884,1.203267641735077,1.338417170883179
D1,17,pre_impact,compression,-0.27031812086295476,-0.31751829308226825,-0.21714960801582087,0.31736204739266866,0.3657131971762496,0.7316036858176141,0.7296818791370453,0.6824817069177317,0.782850391984179
D1,17,pre_impact,velocity,0.08883835601840827,-0.47883895614610367,0.2780895255426503,0.43212410798493267,0.5090241055035595,0.9986931694175731,1.088838356018408,0.5211610438538963,1.2780895255426503
D1,17,pre_impact,smoothness,-0.2697438752335657,-0.5161222023791894,0.4102168356190703,0.4027343219910181,0.5255284490637457,0.8594975207933004,0.7302561247664343,0.4838777976208107,1.4102168356190703
D1,17,capture,object,-0.35657575740183306,-0.4365276555735881,-0.31569329640219723,0.5339918811040464,0.5541019047153278,0.6402837194638674,0.6434242425981669,0.5634723444264119,0.6843067035978028
D1,17,capture,grasp,0.303207138546497,0.08322178680323808,0.4113218224967058,0.41081777486607324,0.45759431093956476,1.279041181226827,1.3032071385464972,1.0832217868032383,1.4113218224967057
D1,17,capture,compression,0.3315895107984496,0.29419371784794307,0.4102999115940776,0.4916963378965115,0.5148351206224193,1.3359255234728014,1.3315895107984497,1.2941937178479432,1.4102999115940777
D1,17,capture,velocity,0.33764435956984756,-0.11245470884988998,0.47554769617126624,0.500034483045338,0.5479881321003027,1.2876474937342537,1.3376443595698477,0.8875452911501099,1.4755476961712664
D1,17,capture,smoothness,0.2645269960267012,-0.502498618203959,0.5548536453040467,0.5062281542545378,0.5782060873195188,1.1204238628017,1.264526996026701,0.4975013817960409,1.5548536453040467
D1,17,hold,object,-0.19240978388963986,-0.46232137038080867,-0.05966006720803806,0.4066904927296927,0.5565734475129062,0.7715099932593573,0.8075902161103601,0.5376786296191913,0.9403399327919622
D1,17,hold,grasp,0.2266283404285626,0.03074997349207639,0.36822091408637286,0.2841426115758529,0.43916268452342055,1.2143629909100335,1.2266283404285625,1.0307499734920764,1.3682209140863728
D1,17,hold,compression,0.18633107929428952,0.0781228085991331,0.4242775661681311,0.32101642998398194,0.5142313066073855,1.2203682893681587,1.1863310792942896,1.0781228085991332,1.4242775661681313
D1,17,hold,velocity,0.2513792816101021,-0.1539680003241883,0.4667703166200228,0.3534656639998086,0.5455467887396273,1.2236250869472802,1.2513792816101021,0.8460319996758117,1.4667703166200228
D1,17,hold,smoothness,0.16886126462680662,-0.4187756851138742,0.5016120093164761,0.3493407955165471,0.5763890195080156,1.1076194396760788,1.1688612646268066,0.5812243148861258,1.501612009316476
D1,27,intercept,object,0.5299189275105793,0.23749051868915566,0.5527747017383575,0.5300099337100982,0.5571487587292989,1.4916734062634243,1.5299189275105796,1.2374905186891556,1.5527747017383575
D1,27,intercept,grasp,0.42229619056701667,0.3265844973297119,0.4467204356231689,0.4242710908508301,0.4514887341308594,1.4078478290326029,1.4222961905670166,1.3265844973297118,1.446720435623169
D1,27,intercept,compression,-0.3639461326663027,-0.37814050886291256,-0.1183867056628811,0.36916328113841596,0.3947607483564205,0.6753279341878897,0.6360538673336973,0.6218594911370875,0.8816132943371189
D1,27,intercept,velocity,0.19500329568982125,-0.5387601218819619,0.38285487417876723,0.2835876775532961,0.5464046713709831,1.074033480895896,1.1950032956898213,0.4612398781180381,1.3828548741787672
D1,27,intercept,smoothness,-0.10775785844388816,-0.4900558877448606,0.46702535809724993,0.3591615083193554,0.5170040429829948,0.9453778828127107,0.8922421415561118,0.5099441122551395,1.4670253580972499
D1,27,pre_impact,object,0.5244937621752421,0.509494336938858,0.5423081328868866,0.5255265076160431,0.5454456148147583,1.524961351525775,1.5244937621752421,1.509494336938858,1.5423081328868868
D1,27,pre_impact,grasp,0.4071437931060791,0.38350865702056885,0.4375467864303589,0.4086902600097656,0.44413962554931635,1.4079315954694889,1.407143793106079,1.3835086570205686,1.437546786430359
D1,27,pre_impact,compression,-0.37040797440307793,-0.3802717869096952,-0.361563815819538,0.3734155639717179,0.3861596576982375,0.6297827629440286,0.6295920255969222,0.6197282130903048,0.6384361841804619
D1,27,pre_impact,velocity,0.15557890092913587,-0.5348780475398943,0.3420676487538475,0.2674525314570478,0.540418211946194,1.0331433268940202,1.1555789009291357,0.4651219524601057,1.3420676487538474
D1,27,pre_impact,smoothness,-0.19208032052624752,-0.49512456082233136,0.47112097476514647,0.379502848198195,0.5111589321987186,0.9090397317557847,0.8079196794737524,0.5048754391776685,1.4711209747651466
D1,27,capture,object,0.34302737150528584,0.3175999255559146,0.4342550247082314,0.4988548143345796,0.5388403136744409,1.3514631420712615,1.3430273715052856,1.3175999255559148,1.4342550247082315
D1,27,capture,grasp,0.2562554540962295,0.21838560704090915,0.3440178096680616,0.31752385172431113,0.396937065269319,1.2622104889195178,1.2562554540962296,1.2183856070409091,1.3440178096680615
D1,27,capture,compression,-0.24904778228369812,-0.3196158538732443,-0.22613950908544986,0.3561939629424891,0.39837634806100997,0.7447554799162988,0.7509522177163019,0.6803841461267557,0.7738604909145501
D1,27,capture,velocity,0.05772576004658655,-0.4312681655129619,0.26010547530887285,0.21507351175478515,0.5306206985339672,0.9903092490559058,1.0577257600465866,0.5687318344870382,1.260105475308873
D1,27,capture,smoothness,-0.1316910950503212,-0.47150565300042996,0.4630830710829332,0.3617584368141507,0.5110853605794423,0.9303726976006594,0.8683089049496788,0.5284943469995701,1.4630830710829332
D1,27,hold,object,0.38849597451180984,0.34525293557954106,0.449843953838099,0.39989181997179496,0.5218349597529917,1.3895957582193168,1.3884959745118097,1.3452529355795413,1.449843953838099
D1,27,hold,grasp,0.29192831029660704,0.25648208556471647,0.3317530690183794,0.2922618397832007,0.3787075080726179,1.2924933967738865,1.2919283102966073,1.2564820855647163,1.3317530690183794
D1,27,hold,compression,-0.2381458131032667,-0.28677826734803713,-0.2169738459198551,0.24086828549539216,0.37298995874858537,0.7583035840097533,0.7618541868967332,0.713221732651963,0.7830261540801449
D1,27,hold,velocity,0.11686234751292106,-0.43948214159735827,0.2751886436130672,0.1841423369517853,0.513727208503255,1.0375953772398436,1.1168623475129211,0.5605178584026417,1.2751886436130673
D1,27,hold,smoothness,-0.1164428913600317,-0.3801224770275397,0.3248534768894505,0.24633320168778527,0.49502022970193826,0.9535743403721213,0.8835571086399682,0.6198775229724602,1.3248534768894504
D2,7,intercept,object,2.91193671631813,1.067999685160319,3.8403797246694564,2.912120944341024,3.9690368849436437,3.718162089173301,3.9119367163181304,2.067999685160319,4.840379724669457
D2,7,intercept,grasp,0.5958987265777587,0.2760807742462158,0.7852012017440795,0.7178901699829102,0.8980143572235108,1.5677725124188668,1.5958987265777589,1.2760807742462157,1.7852012017440793
D2,7,intercept,compression,-0.18648954438154333,-0.27958551249153146,-0.04862911587761176,0.37523990219567116,0.41616976050779586,0.8230951229792464,0.8135104556184567,0.7204144875084686,0.9513708841223882
D2,7,intercept,velocity,-0.05677396696060896,-0.6296090903142467,0.13261575211584564,0.25997160661965607,0.6490442822314799,0.8336349177629253,0.943226033039391,0.3703909096857533,1.1326157521158458
D2,7,intercept,smoothness,-0.31473953729883525,-0.5537176003265366,2.909245526736669,0.3869493393775174,3.130668156276745,1.0344799053977816,0.6852604627011647,0.4462823996734634,3.9092455267366684
D2,7,pre_impact,object,1.8568058723608651,1.0552831245025,3.234292468420664,1.8568504707813265,3.4973313434918727,2.998901722167485,2.8568058723608654,2.0552831245025,4.234292468420664
D2,7,pre_impact,grasp,0.37268615295410157,0.20319123968124392,0.6223002840652465,0.5031605097198486,0.8067704183197022,1.3932826568554753,1.3726861529541015,1.203191239681244,1.6223002840652467
D2,7,pre_impact,compression,-0.11042089047814617,-0.18819668947992327,-0.04109394855883744,0.3322192463913645,0.4126197698594197,0.8873341091500603,0.8895791095218538,0.8118033105200767,0.9589060514411625
D2,7,pre_impact,velocity,-0.07890078588397235,-0.585483404411878,0.07884856193321997,0.22372932431520973,0.6329688946752056,0.8325884520941825,0.9210992141160277,0.41451659558812204,1.07884856193322
D2,7,pre_impact,smoothness,-0.2922316280541878,-0.5285363707226719,1.648427620180846,0.34194102802898313,2.5869866146309746,0.9363858941916806,0.7077683719458122,0.4714636292773281,2.6484276201808465
D2,7,capture,object,1.7713533941453405,1.2060246123905367,2.359173299445725,1.8435892875523334,2.80030450677251,2.7713408944018467,2.7713533941453403,2.2060246123905367,3.359173299445725
D2,7,capture,grasp,0.3191722310027149,0.20212540967485784,0.43732634302315665,0.4656924720531873,0.6558014072630282,1.3181381126516307,1.3191722310027145,1.2021254096748577,1.4373263430231566
D2,7,capture,compression,-0.028882347554650332,-0.09412489601928016,0.038149852727833534,0.36137326318418406,0.4491675797770872,0.9709649071334016,0.9711176524453498,0.9058751039807198,1.0381498527278337
D2,7,capture,velocity,-0.07166958714520626,-0.5121765088133075,0.13658018941661318,0.22027934726261758,0.7175908299736994,0.8616364342989054,0.9283304128547937,0.4878234911866926,1.136580189416613
D2,7,capture,smoothness,-0.2501311824951768,-0.4918070883579358,1.4978859561221378,0.35709453592036,1.843902859070695,0.9636800420795651,0.7498688175048231,0.5081929116420641,2.4978859561221376
D2,7,hold,object,0.570266198246779,0.35877176935431576,0.8364916379346586,0.5848142389721322,2.6380062788436263,1.582527936871996,1.570266198246779,1.3587717693543155,1.8364916379346587
D2,7,hold,grasp,0.09250196913804605,0.04018031933682192,0.147835872062398,0.18352614194439018,0.6282864663190783,1.094792824194521,1.092501969138046,1.040180319336822,1.147835872062398
D2,7,hold,compression,0.07825535487189107,0.014823418966820849,0.12271114163350061,0.1492680830244177,0.40596750111351876,1.0773379620725156,1.0782553548718912,1.0148234189668208,1.1227111416335005
D2,7,hold,velocity,-0.04086864915853421,-0.3268935419122473,0.04015180781676548,0.1034242430902011,0.6094700114938637,0.9083072204313515,0.9591313508414657,0.6731064580877527,1.0401518078167655
D2,7,hold,smoothness,-0.1458755406868781,-0.2931941425937035,0.31250305015763485,0.1747099380409445,1.7006712268030402,0.9021417058811179,0.8541244593131219,0.7068058574062965,1.3125030501576347
D2,17,intercept,object,2.0294752707481383,0.4393821868101756,9.97628568935394,2.029925038854281,11.808641797701519,3.9099317740486255,3.0294752707481383,1.4393821868101755,10.976285689353942
D2,17,intercept,grasp,1.9345763668823241,0.8363037976989748,2.349779072944641,1.9376563875579835,2.512244944610596,2.8546680901215904,2.934576366882324,1.8363037976989747,3.349779072944641
D2,17,intercept,compression,1.9248909079485998,0.8185905511514762,2.2254948460609487,1.9250964351915354,2.636653299269776,2.8437231456445544,2.9248909079486,1.8185905511514762,3.2254948460609487
D2,17,intercept,velocity,1.7796182269603014,-0.7706409022600856,2.454870997339487,1.7917944461107254,2.7400716324150562,2.214611029108962,2.7796182269603014,0.22935909773991445,3.454870997339487
D2,17,intercept,smoothness,-0.02344617007752999,-0.7315216670558121,1.5700397503276953,0.6077346987451844,1.8933552669420055,1.2720440647716438,0.9765538299224701,0.268478332944188,2.570039750327695
D2,17,pre_impact,object,1.757665922721227,0.48327181819279985,6.832617242026327,1.758100456237793,8.243576375802359,3.330710968797023,2.757665922721227,1.4832718181928,7.832617242026327
D2,17,pre_impact,grasp,1.6268134745788572,1.3634488339157105,1.9678096406249999,1.631143287658691,2.0893061849975587,2.626523442830903,2.6268134745788574,2.3634488339157103,2.967809640625
D2,17,pre_impact,compression,1.5238633208345673,1.224306189360033,1.814193359543713,1.5241287433476425,1.8306721061097924,2.5289428670883187,2.5238633208345673,2.2243061893600333,2.8141933595437125
D2,17,pre_impact,velocity,1.3987599886426045,-0.7466811492845099,2.013287294112847,1.4180220137352912,2.080731447790114,1.9851915606644968,2.398759988642604,0.25331885071549,3.013287294112847
D2,17,pre_impact,smoothness,-0.019540161750937517,-0.7039848594489679,1.3137318244928764,0.5874662369974142,1.4088155464200443,1.1986524761836421,0.9804598382490625,0.29601514055103206,2.3137318244928764
D2,17,capture,object,2.1456134726688365,0.5175790480694362,9.128963851450877,2.1489187380343684,10.344323657603958,3.953875598578859,3.1456134726688365,1.5175790480694362,10.128963851450877
D2,17,capture,grasp,1.7707785058787922,1.4694867395274727,2.1163536115237207,1.7734992614125873,2.212048852037464,2.7691595599422847,2.770778505878792,2.469486739527473,3.1163536115237207
D2,17,capture,compression,1.7371288361014996,1.3138786070898754,1.941931187557403,1.7380105326344522,1.9558255208010098,2.689034258931571,2.7371288361014994,2.3138786070898756,2.9419311875574032
D2,17,capture,velocity,1.5926403379947052,-0.7469636124386141,2.1622636283053076,1.60640885089378,2.2282664305362214,2.113573888235174,2.5926403379947054,0.2530363875613859,3.1622636283053076
D2,17,capture,smoothness,-0.006688477703204048,-0.7159754192095988,1.399805708462519,0.6144446649514086,1.489302502110347,1.233766570409992,0.9933115222967959,0.2840245807904011,2.399805708462519
D2,17,hold,object,1.726844840550397,0.3909505407769478,7.163435047432925,1.7271803169691826,9.784248892890556,3.3286819038023547,2.7268448405503967,1.3909505407769482,8.163435047432925
D2,17,hold,grasp,1.6281697144034144,1.290933013595168,1.9594971318734105,1.6295077737425063,2.1947309743807377,2.620518369901535,2.628169714403414,2.290933013595168,2.9594971318734102
D2,17,hold,compression,1.7220123238322507,1.27881108062218,1.9610177240648268,1.722353137320468,2.0395949492527596,2.6865152407511887,2.7220123238322502,2.2788110806221793,2.9610177240648268
D2,17,hold,velocity,1.5462424168145101,-0.7358429687295313,2.105824494700349,1.5566647804086828,2.2649595669335514,2.074795871034692,2.54624241681451,0.2641570312704687,3.1058244947003484
D2,17,hold,smoothness,-0.010230396313154035,-0.699321704766711,1.3866581280801753,0.6058662343972399,1.5311298485873406,1.23772821181672,0.9897696036868459,0.30067829523328904,2.3866581280801755
D2,27,intercept,object,23.769857986768088,6.898606418482462,117.08449472108686,23.769958024819694,120.28491644477845,43.17848421936135,24.769857986768088,7.898606418482462,118.08449472108686
D2,27,intercept,grasp,-0.37282598062515254,-0.39854081541061404,-0.03943790591430668,0.4631501529121398,0.6872586413478851,0.679418911349003,0.6271740193748474,0.601459184589386,0.9605620940856935
D2,27,intercept,compression,-0.652220369957305,-0.6615967889298173,-0.6378858459114402,0.6617286886421764,0.6801358176881465,0.34854925331959213,0.34777963004269485,0.3384032110701826,0.36211415408855985
D2,27,intercept,velocity,-0.27198728181421755,-0.7289823347414495,0.4713509266078472,0.46539951957995074,0.845590694071725,0.7827737130630904,0.7280127181857824,0.2710176652585506,1.4713509266078473
D2,27,intercept,smoothness,-0.08708842248337832,-0.7361934623444961,2.417202582987732,0.5959588081072169,2.4883906717628697,1.3699735357354164,0.9129115775166217,0.2638065376555039,3.4172025829877315
D2,27,pre_impact,object,15.09888286058108,5.784014546028772,84.04338472284473,15.100400656779607,103.66135491927467,27.608745185280128,16.098882860581078,6.784014546028772,85.04338472284473
D2,27,pre_impact,grasp,-0.348883461484909,-0.39398463068532935,-0.02148858674049384,0.43111827349662785,0.6561981156921387,0.6983186484063925,0.6511165385150909,0.6060153693146706,0.9785114132595061
D2,27,pre_impact,compression,-0.6457733309880751,-0.6599288471340111,-0.6206145361569905,0.6476490871605379,0.6638902686849439,0.35737998698139684,0.35422666901192484,0.3400711528659889,0.3793854638430095
D2,27,pre_impact,velocity,-0.25197417225956315,-0.7134412914723911,0.400739662086156,0.4277831736815758,0.8148157309954176,0.7763676054208837,0.7480258277404368,0.28655870852760884,1.400739662086156
D2,27,pre_impact,smoothness,-0.102014991103835,-0.708335264027988,2.0212061073966683,0.5598714287970817,2.2978624915562182,1.2554568554433887,0.897985008896165,0.291664735972012,3.0212061073966687
D2,27,capture,object,10.282939681920936,2.8507209441548476,90.59685176171732,10.295017286489637,99.18042857069032,29.04569247098589,11.282939681920936,3.8507209441548476,91.59685176171732
D2,27,capture,grasp,-0.3138151428769909,-0.3594709165687911,-0.04255155729691072,0.37855095338234007,0.5659739516141231,0.7275964772015959,0.6861848571230093,0.640529083431209,0.9574484427030893
D2,27,capture,compression,-0.5823349918026509,-0.6105778724460804,-0.49033971947005467,0.585013051986839,0.6162278238476128,0.43191934672197796,0.41766500819734903,0.3894221275539195,0.5096602805299453
D2,27,capture,velocity,-0.19386693204061067,-0.6363823958917452,0.35711357386612663,0.34545175666231315,0.757739457058724,0.8066078858979572,0.8061330679593894,0.36361760410825494,1.3571135738661266
D2,27,capture,smoothness,-0.08542453559655055,-0.6378105718771853,1.5242345038694338,0.4577788901926694,1.6908357936552005,1.1574807697884137,0.9145754644034494,0.3621894281228147,2.524234503869434
D2,27,hold,object,13.201608789176992,3.4904593545261764,85.18593649313499,13.201695696539318,94.48953062614252,29.77480616658033,14.201608789176992,4.490459354526176,86.18593649313499
D2,27,hold,grasp,-0.3479654039760087,-0.37723772111165643,-0.06019089562000623,0.41053059478981363,0.5904778533099558,0.6978814115527298,0.6520345960239912,0.6227622788883436,0.9398091043799938
D2,27,hold,compression,-0.6099684653899848,-0.6228606705805673,-0.5301534258528541,0.6104920082117448,0.6358907398328981,0.3994584821014623,0.3900315346100152,0.3771393294194328,0.46984657414714603
D2,27,hold,velocity,-0.19739535252362272,-0.669559504713863,0.3927131784038211,0.37928887789414895,0.7607403960322172,0.7983961473814717,0.8026046474763774,0.3304404952861369,1.392713178403821
D2,27,hold,smoothness,-0.08051523934614944,-0.6715022743394419,1.84098376622806,0.4929686117950806,2.0094098937819185,1.2428817416947755,0.9194847606538504,0.32849772566055807,2.8409837662280597
D3,7,intercept,object,4.454197456200917,0.7406436100562414,13.55110735809803,4.455103585481643,14.19482698138555,6.378464695546286,5.454197456200919,1.7406436100562417,14.55110735809803
D3,7,intercept,grasp,-0.2102623999786377,-0.3023790090961457,0.3396312323074339,0.3936898625564576,0.6589049263000488,0.8638348106860012,0.7897376000213623,0.6976209909038543,1.339631232307434
D3,7,intercept,compression,0.3186277443561294,0.19118987954311253,1.7526133920794211,0.3751206744444269,2.20272508538924,1.516020230723241,1.3186277443561294,1.1911898795431126,2.752613392079421
D3,7,intercept,velocity,-0.10407674953341484,-0.6184476797711104,0.7179183699339626,0.4099030255153775,1.250001477971673,0.8684414357146625,0.8959232504665852,0.3815523202288896,1.7179183699339626
D3,7,intercept,smoothness,-0.0629617871647807,-0.5689050440024764,2.1994449669671066,0.35861340054514407,2.645789048697218,1.1187568140496287,0.9370382128352194,0.43109495599752357,3.1994449669671057
D3,7,pre_impact,object,1.4502040716012317,0.30321583220064646,8.61304784965515,1.6612747793992362,11.788479806939764,3.62924308612677,2.450204071601232,1.3032158322006464,9.61304784965515
D3,7,pre_impact,grasp,-0.15557760551452635,-0.2769188282413483,-0.04183560889816287,0.3085512963104248,0.4435540989303589,0.8396258251380925,0.8444223944854737,0.7230811717586516,0.9581643911018369
D3,7,pre_impact,compression,0.24719989566903663,0.06392099948653582,0.4656541720396691,0.2786695057084904,0.4945156301305296,1.252967228671634,1.2471998956690369,1.0639209994865357,1.4656541720396692
D3,7,pre_impact,velocity,-0.12926379437230892,-0.5018999996717727,0.22210792300076215,0.2721431444667896,0.7312627953347279,0.8744271432570383,0.8707362056276909,0.49810000032822727,1.222107923000762
D3,7,pre_impact,smoothness,-0.08134219434794222,-0.430092819454361,0.6910405744879671,0.2106226108079113,1.8684443537295063,0.9948958951471536,0.9186578056520578,0.569907180545639,1.691040574487967
D3,7,capture,object,2.0774853736278422,0.6263723031295124,4.7730249920317815,2.163881006030844,6.2727572054136465,3.291589525123908,3.0774853736278427,1.6263723031295125,5.7730249920317815
D3,7,capture,grasp,-0.05637524676301124,-0.16371589778245307,0.03551198457564573,0.3646341178612417,0.47868556312777627,0.9430560191681185,0.9436247532369887,0.8362841022175469,1.035511984575646
D3,7,capture,compression,0.6700631672195959,0.3618881130770863,0.9351187410246934,0.6859590239136711,1.0002625236024196,1.669248535428701,1.6700631672195958,1.3618881130770863,1.9351187410246935
D3,7,capture,velocity,0.1049379501116505,-0.5130759486644241,0.4167616117585676,0.40405161792564237,0.8644655893209893,0.9997298560970167,1.1049379501116505,0.4869240513355759,1.4167616117585677
D3,7,capture,smoothness,-0.03005112149951005,-0.48719080204018,0.9408421034775583,0.32637160611762417,1.199758541974735,1.0473957509792757,0.96994887850049,0.5128091979598199,1.9408421034775583
D3,7,hold,object,0.7583315374959761,0.1767143296902445,1.9565323475302614,0.9640740920158409,6.175345013923508,1.8648670481121479,1.7583315374959758,1.1767143296902445,2.9565323475302607
D3,7,hold,grasp,-0.09697716264034537,-0.19075480075896709,-0.03332660973583727,0.15887818772276255,0.4109955494410463,0.9020252603569948,0.9030228373596546,0.8092451992410328,0.9666733902641628
D3,7,hold,compression,0.28624146819635155,0.12536846296973533,0.46501249985777393,0.3563528633549903,0.7884213035968903,1.2944163308721681,1.2862414681963517,1.1253684629697351,1.4650124998577738
D3,7,hold,velocity,0.013344922659454937,-0.30693262178580155,0.2665027340445773,0.17177452319660405,0.6399237962142781,0.9770094090352388,1.0133449226594549,0.6930673782141984,1.2665027340445774
D3,7,hold,smoothness,-0.026070735365483575,-0.29377893400552463,0.3940523291698816,0.19236915850287592,1.119721712611669,1.0042144513240145,0.9739292646345162,0.7062210659944754,1.3940523291698816
D3,17,intercept,object,0.2057411821285883,-0.48150397062699,7.162900176310537,0.7233859819571177,8.847032635688782,2.012414295554359,1.2057411821285884,0.51849602937301,8.162900176310536
D3,17,intercept,grasp,3.5603701613616945,1.2653924477043155,5.833107247077942,3.568405158729553,5.932015781555176,4.556200822347797,4.5603701613616945,2.2653924477043152,6.833107247077942
D3,17,intercept,compression,2.658792852572458,0.3399278993438035,2.9643457779478912,2.669414967381731,3.1004931941554963,3.3640057680850544,3.658792852572458,1.3399278993438033,3.9643457779478912
D3,17,intercept,velocity,2.458328106999397,-0.7031276391840074,4.507251001358032,2.478378658276051,4.657612048126757,3.095113166268541,3.458328106999397,0.29687236081599255,5.507251001358031
D3,17,intercept,smoothness,0.0946641304393987,-0.6485661249453301,2.8059035381540127,0.38611635364092733,3.1653079770087005,1.5512184105801305,1.0946641304393987,0.3514338750546698,3.8059035381540127
D3,17,pre_impact,object,0.03433462792634963,-0.5162504599134128,3.9742506401737523,0.6406230940222741,4.734609807173411,1.5683332268813126,1.0343346279263497,0.4837495400865873,4.974250640173754
D3,17,pre_impact,grasp,3.6285586877441403,3.074177877738953,5.7373484538192745,3.633929208831787,5.8549599603271485,4.894035051392283,4.628558687744141,4.074177877738952,6.7373484538192745
D3,17,pre_impact,compression,2.8747147091326095,2.6606048032186895,3.1290776941441916,2.8752104078856338,3.1693008763941752,3.8842963786064773,3.8747147091326095,3.660604803218689,4.129077694144192
D3,17,pre_impact,velocity,2.6404036435557168,-0.611566604976558,4.526118804258573,2.647087829459565,4.59848080496421,3.3661130704066,3.6404036435557168,0.3884333950234421,5.526118804258573
D3,17,pre_impact,smoothness,0.19796337401107422,-0.6080032021647193,3.0141703575796277,0.5046940782674476,3.1030493457897954,1.6614642903261432,1.1979633740110742,0.39199679783528074,4.014170357579627
D3,17,capture,object,0.19449038422816006,-0.4149742099004295,2.6682851665076144,1.0273610774330388,3.653993147318456,1.4981720021423885,1.19449038422816,0.5850257900995706,3.6682851665076153
D3,17,capture,grasp,3.2984715283708317,2.740607746601141,4.793228063248698,3.3991268301804434,5.102163816600644,4.454244507551321,4.298471528370832,3.740607746601141,5.793228063248698
D3,17,capture,compression,3.9142512356805703,3.5451421435265673,4.5256134493192715,4.026684426643049,4.911507335021921,4.966303014119557,4.91425123568057,4.545142143526567,5.5256134493192715
D3,17,capture,velocity,2.7443896458725647,-0.5736565431809711,4.629175309127869,2.835169892123646,4.8616787940045505,3.473870092883233,3.7443896458725643,0.42634345681902885,5.629175309127869
D3,17,capture,smoothness,0.22431073228577214,-0.687824291212232,4.760503307843185,0.6023659125265645,5.2505074855067155,1.971421920897918,1.2243107322857723,0.3121757087877679,5.760503307843185
D3,17,hold,object,-0.10052678840139694,-0.5410175455136322,1.853191661642462,0.4816049143827887,3.1701282799027415,1.123898259067609,0.899473211598603,0.45898245448636776,2.853191661642462
D3,17,hold,grasp,2.363055754881372,1.755007679283865,3.679049407690914,2.3732734147166172,4.82796771469525,3.4940509447756263,3.363055754881372,2.755007679283865,4.679049407690914
D3,17,hold,compression,2.4912061292025665,1.9861885400611003,3.5863982644613572,2.5108267675939118,4.9001187145588245,3.6110850633153895,3.4912061292025665,2.9861885400611,4.586398264461357
D3,17,hold,velocity,1.9297783668345243,-0.545276211228449,3.441181740964282,1.9432468677746002,4.772799223643926,2.7518813240388713,2.9297783668345243,0.45472378877155084,4.441181740964282
D3,17,hold,smoothness,0.1357621998098671,-0.5879488140232126,3.0861802790079964,0.45513752130729646,5.237391627836805,1.6153532643599327,1.135762199809867,0.41205118597678736,4.086180279007997
D3,27,intercept,object,0.8893301847775777,-0.009242281325658163,4.328609431171417,0.9179598937034608,4.467003311793009,2.2963037252613328,1.8893301847775774,0.9907577186743418,5.328609431171417
D3,27,intercept,grasp,5.9254093235015874,1.3513361565780642,12.956137816909791,5.9276959423828135,13.324935570373537,6.9776830873354365,6.9254093235015874,2.351336156578064,13.956137816909791
D3,27,intercept,compression,0.3069011026896372,0.20903060591361514,0.4891191555784023,0.36682278786863703,0.5600665260468941,1.3181087132104619,1.3069011026896373,1.209030605913615,1.4891191555784018
D3,27,intercept,velocity,1.9947875954210759,-0.6593470198030118,2.9842713299840686,2.0001239525247367,3.0370598675310614,2.584458481034813,2.9947875954210756,0.34065298019698814,3.9842713299840695
D3,27,intercept,smoothness,0.32024328427026744,-0.5705647301642124,0.9891661801220301,0.4716605205353644,1.0731733020434406,1.2848078043212134,1.3202432842702674,0.42943526983578756,1.98916618012203
D3,27,pre_impact,object,0.3047293302218119,-0.07943577002684275,2.5098420341014847,0.36577445483207705,3.8304815796216327,1.6561908606061082,1.304729330221812,0.9205642299731572,3.509842034101485
D3,27,pre_impact,grasp,3.241342781066894,1.2443963795928956,7.6084926174621526,3.2445841142272944,11.82458696243286,4.6325249837869595,4.241342781066894,2.2443963795928954,8.608492617462153
D3,27,pre_impact,compression,0.29283377672506666,0.19683349726675906,0.3907305012841393,0.3210631477983621,0.4173937045174893,1.295393720300779,1.2928337767250668,1.196833497266759,1.390730501284139
D3,27,pre_impact,velocity,1.0299118022801872,-0.5857820300238596,2.673435579103911,1.0613672866848338,2.8672984946071107,2.096998430633043,2.0299118022801874,0.4142179699761403,3.673435579103911
D3,27,pre_impact,smoothness,0.17692225631504563,-0.5053151014857863,0.85194794618442,0.3668690852534617,1.0180406682592875,1.1915809836507645,1.1769222563150457,0.49468489851421377,1.85194794618442
D3,27,capture,object,-0.15947066577350977,-0.289420051594866,0.12242501831215481,0.22674716758422372,0.6632497620430614,0.8709447777603505,0.8405293342264903,0.7105799484051338,1.1224250183121547
D3,27,capture,grasp,0.11155338179460338,-0.09287775822752822,0.4703686043988343,0.545696208589121,1.4321235806970214,1.1337324173485872,1.1115533817946035,0.9071222417724717,1.4703686043988344
D3,27,capture,compression,0.07720796588851778,-0.0038686365255941497,0.14809406205698133,0.1819633542968666,0.2663164395451631,1.074376467705182,1.0772079658885176,0.9961313634744059,1.1480940620569813
D3,27,capture,velocity,0.04254745734548581,-0.34802479113683293,1.770385382426654,0.37111399955426183,2.430038288298952,1.2036818273139762,1.0425474573454858,0.6519752088631671,2.770385382426655
D3,27,capture,smoothness,-0.03065210784541235,-0.29413808803126257,1.0177578204190922,0.18874307925758285,1.277968871228169,1.1395094523435165,0.9693478921545876,0.7058619119687375,2.0177578204190927
D3,27,hold,object,-0.0026563632326843307,-0.18158277993780195,0.20306103671048958,0.09411824859917296,0.5473155958939868,1.001168535832658,0.9973436367673156,0.818417220062198,1.2030610367104895
D3,27,hold,grasp,0.3471169110155478,-0.08157904364915754,0.7365587899816222,0.4643153316898798,1.3017471322072496,1.3364709327175301,1.3471169110155476,0.9184209563508425,1.7365587899816222
D3,27,hold,compression,0.07421055030625537,-0.06358653289472387,0.13171434734979143,0.1374458678787064,0.2423294499959974,1.0585597717528488,1.0742105503062553,0.9364134671052761,1.1317143473497915
D3,27,hold,velocity,0.1544010881214107,-0.32461075266463313,0.5738348488798326,0.27366212771348597,1.86233175357652,1.1423238623131844,1.1544010881214108,0.6753892473353668,1.5738348488798326
D3,27,hold,smoothness,-0.014601649400975357,-0.24871384589575612,0.43224272792545926,0.13444229856572007,1.049627715336601,1.0397770835344236,0.9853983505990247,0.7512861541042439,1.4322427279254595
M0,7,intercept,object,15.42179886889458,-0.5851758413416643,70.48264108911354,15.422033399899803,73.89656078974406,24.73347997093418,16.42179886889458,0.41482415865833566,71.48264108911354
M0,7,intercept,grasp,-0.6598463164186478,-0.6823076348001957,5.588858273559569,0.6708067048501968,9.95564258529663,1.274969106062882,0.3401536835813522,0.3176923651998043,6.588858273559569
M0,7,intercept,compression,-0.3895926015838221,-0.4281488437557068,5.923565764010824,0.4423725103815457,7.313800488206737,1.4692314907690442,0.610407398416178,0.5718511562442934,6.923565764010823
M0,7,intercept,velocity,-0.6041234224382788,-0.6843453475674615,7.686448790773747,0.6221251277858392,11.42809499785304,1.4370458048443089,0.39587657756172123,0.3156546524325386,8.686448790773747
M0,7,intercept,smoothness,-0.32808918533900105,-0.6010224552672736,2.8360902145063096,0.47165421229184845,5.0565195414197515,1.1929001268099342,0.671910814660999,0.3989775447327264,3.8360902145063083
M0,7,pre_impact,object,17.811518048206967,2.598947952183088,59.49229773283003,17.81156486050288,65.56790535179775,24.07014194136431,18.811518048206967,3.5989479521830874,60.49229773283003
M0,7,pre_impact,grasp,-0.6633042049598694,-0.6897937009894848,-0.6324443977203369,0.6668969798469544,0.6969177486801148,0.33853806516121365,0.3366957950401306,0.3102062990105152,0.36755560227966305
M0,7,pre_impact,compression,-0.3514336788592868,-0.41029817012721237,-0.2972117066864329,0.4188507840938433,0.47718455368435464,0.6466649504258711,0.6485663211407133,0.5897018298727876,0.7027882933135672
M0,7,pre_impact,velocity,-0.6224615310933941,-0.6895183379907343,-0.19891544194972546,0.6240216930550377,0.6968419462631047,0.43338785757129455,0.3775384689066059,0.3104816620092657,0.8010845580502746
M0,7,pre_impact,smoothness,-0.3970810409636836,-0.6094981349844123,2.5299406933426236,0.48353759842104993,2.6009409125691825,0.998162135008422,0.6029189590363164,0.3905018650155877,3.5299406933426227
M0,7,capture,object,4.331082162957046,0.6373037827933542,10.548546945666923,4.997965645348243,48.39567718499471,5.890858681301716,5.331082162957046,1.6373037827933539,11.548546945666923
M0,7,capture,grasp,3.570639762522326,1.5316252682674234,6.508815744490851,4.2564744176127185,7.973358105719593,4.735210470432011,4.570639762522326,2.5316252682674234,7.508815744490851
M0,7,capture,compression,5.3209368766524,3.055673870566943,6.021188238824929,5.572462919404018,6.5617785809861715,6.046864750752964,6.3209368766524,4.055673870566943,7.021188238824931
M0,7,capture,velocity,6.485914212811614,-0.4326702250820008,8.492341743966342,7.106301551207937,9.44409535662545,6.0333243216569725,7.485914212811614,0.5673297749179993,9.492341743966342
M0,7,capture,smoothness,0.2798177455788771,-0.5354459846745452,4.582803722859508,0.7601282075953211,4.853012584485978,2.0426654477790778,1.279817745578877,0.46455401532545476,5.582803722859508
M0,7,hold,object,9.279447061925524,1.8378296739348854,22.983531456906974,9.279447223089091,32.2338373458636,11.065103260461344,10.279447061925524,2.837829673934885,23.983531456906974
M0,7,hold,grasp,-0.5321501221725525,-0.6042421908286207,-0.4970845523401146,0.5338886885021734,0.6605997455854321,0.46317412399355007,0.46784987782744747,0.39575780917137926,0.5029154476598854
M0,7,hold,compression,-0.2614390428208553,-0.3277545204511411,-0.2211587973742471,0.3458933363196486,0.4432689658843447,0.7360346161324358,0.7385609571791446,0.6722454795488589,0.778841202625753
M0,7,hold,velocity,-0.5017930830946107,-0.5837571846893544,-0.11354088835008387,0.5027958545185706,0.6629278275766114,0.5436256045582847,0.4982069169053895,0.4162428153106455,0.8864591116499161
M0,7,hold,smoothness,-0.3156681189903001,-0.503624824033472,1.6571630830559505,0.3837424384400609,2.4146954119073394,0.9497332917456998,0.6843318810096999,0.496375175966528,2.6571630830559503
M0,17,intercept,object,3.298968949397405,1.3548210805853207,11.626172701406482,3.3201700790723168,11.973792791366577,5.519265251854848,4.298968949397405,2.3548210805853205,12.626172701406482
M0,17,intercept,grasp,0.09387512001037597,-0.07592722420501709,0.5988924722442627,0.3227233296203613,0.7221760417175294,1.1895214639458511,1.093875120010376,0.924072775794983,1.5988924722442628
M0,17,intercept,compression,6.2899756836336005,1.327224416047716,7.5408782250675825,6.349318233328786,7.810003338977644,6.158803505419761,7.2899756836336005,2.3272244160477165,8.540878225067582
M0,17,intercept,velocity,0.2736449353955686,-0.7588567688183393,1.5207196954563258,0.830470171913039,1.9056186185777186,1.3574138504789284,1.2736449353955686,0.24114323118166067,2.520719695456326
M0,17,intercept,smoothness,0.022873817229661066,-0.728371430272639,6.519188793956282,0.7232352496969849,7.717898072408168,2.0537595693976973,1.0228738172296612,0.2716285697273611,7.519188793956282
M0,17,pre_impact,object,2.750791022618612,1.0330723122239114,8.796656035955744,2.7704703392982486,10.69374050037066,4.526757164551216,3.750791022618612,2.0330723122239114,9.796656035955744
M0,17,pre_impact,grasp,0.029821059761047354,-0.10574542029953,0.4760870666427611,0.27852191249847413,0.659518018951416,1.1132152232259869,1.0298210597610475,0.8942545797004701,1.476087066642761
M0,17,pre_impact,compression,4.703970837877968,1.0597882885667216,6.79522846721753,4.757774951449991,7.39705722907282,5.466447983615613,5.703970837877969,2.059788288566722,7.79522846721753
M0,17,pre_impact,velocity,0.2460966061345921,-0.7000814610045708,1.4111632598778814,0.7937199991670539,1.7633100423533359,1.2740963674559256,1.2460966061345922,0.29991853899542925,2.4111632598778816
M0,17,pre_impact,smoothness,0.03263287180063905,-0.677691363958208,5.299748323973103,0.701596287723734,6.243181524478109,1.8326753765632957,1.0326328718006392,0.322308636041792,6.299748323973103
M0,17,capture,object,1.028327065365922,0.190492037328675,3.060464924212748,1.193186619181799,3.6483800612834796,2.256537999064676,2.0283270653659224,1.1904920373286751,4.060464924212749
M0,17,capture,grasp,-0.08336556561785496,-0.1805368196857774,0.12796909053061128,0.18260448632267204,0.32975848426260435,0.950027842058668,0.9166344343821449,0.8194631803142225,1.1279690905306115
M0,17,capture,compression,2.446800753063175,0.488751540497933,2.9742476555417934,2.5398258798749893,3.161766637842701,3.0867962923179695,3.4468007530631746,1.4887515404979328,3.9742476555417934
M0,17,capture,velocity,0.13678378870953373,-0.48968037697575806,1.0204607134721349,0.48053796538221993,1.435358489498405,1.1965204340970057,1.1367837887095338,0.5103196230242419,2.0204607134721346
M0,17,capture,smoothness,0.07842895435884711,-0.5206315853359956,2.526104279859671,0.46670295690824437,2.8439393751004554,1.405982425205397,1.078428954358847,0.4793684146640044,3.526104279859671
M0,17,hold,object,0.9704870074603654,0.15621914758997535,2.533957170779753,0.9977164429525149,3.4508277618501833,2.125053779495882,1.9704870074603655,1.1562191475899752,3.533957170779753
M0,17,hold,grasp,-0.017979712068786503,-0.16044464764312186,0.17873879480151048,0.14268387834390067,0.33957900022574894,1.0007383736703355,0.9820202879312134,0.8395553523568781,1.1787387948015104
M0,17,hold,compression,1.4639001148796853,0.14792579389458851,2.1536610763655424,1.5326188506067677,2.79716716431024,2.278415992350301,2.463900114879685,1.1479257938945888,3.153661076365543
M0,17,hold,velocity,-0.052124090895279675,-0.6054016705885628,0.6998957256763607,0.3418994570570725,1.723511418993625,1.0178286231236189,0.9478759091047204,0.39459832941143724,1.6998957256763612
M0,17,hold,smoothness,-0.046524300016850095,-0.5521103624158036,2.1429930890900115,0.4089133805603938,2.8744984201268227,1.2837308653936184,0.95347569998315,0.44788963758419653,3.1429930890900115
M0,27,intercept,object,4.214314756790797,1.3856937506914142,14.571059132091204,4.214419739723207,15.230350428422291,6.05935975042134,5.214314756790798,2.3856937506914138,15.571059132091204
M0,27,intercept,grasp,0.04079324905395507,-0.07419425205612183,0.12935157994079585,0.35346877944946287,0.4289488882446289,1.034058087374745,1.040793249053955,0.9258057479438782,1.1293515799407958
M0,27,intercept,compression,1.9183481122426969,0.6723105437336782,2.1068459797375505,1.9214199531425542,2.1494532305828744,2.706653046240758,2.918348112242697,1.672310543733678,3.1068459797375505
M0,27,intercept,velocity,0.6123164583742619,-0.7154399386849255,1.1157987289801239,0.6831094567477703,1.2962235037609935,1.3163932718181355,1.612316458374262,0.28456006131507455,2.115798728980124
M0,27,intercept,smoothness,-0.035729346031630846,-0.5441919122151373,1.146805612417972,0.40814681851272555,1.3274837275596898,1.1637105578741065,0.9642706539683692,0.4558080877848627,2.146805612417972
M0,27,pre_impact,object,0.5612148536245029,-0.14853120731661718,5.947050498445828,0.874174391825994,12.57828187719981,2.5666083660144876,1.5612148536245027,0.8514687926833829,6.947050498445828
M0,27,pre_impact,grasp,-0.04389105903625489,-0.18726689532470706,0.19657496511077877,0.1827006491088867,0.367615404586792,0.9799009958981619,0.9561089409637451,0.8127331046752928,1.1965749651107789
M0,27,pre_impact,compression,0.08622083861744119,-0.2265190206460952,1.7878511059688784,0.4086686379440845,1.8598208550631383,1.4223236884874757,1.0862208386174412,0.7734809793539048,2.787851105968879
M0,27,pre_impact,velocity,-0.014705274060678297,-0.613952385431129,1.5490606361366466,0.28689445569002764,2.3148226164764645,1.1958852552003087,0.9852947259393215,0.3860476145688711,2.549060636136647
M0,27,pre_impact,smoothness,-0.027716836024276575,-0.4563420080955376,0.8949701442293108,0.24203119192574285,1.1805659047809778,1.05403747999925,0.9722831639757235,0.5436579919044624,1.8949701442293105
M0,27,capture,object,-0.1132776854954389,-0.30095691216256787,0.1414892453142908,0.42657879603972865,0.895869096024189,0.901307556784226,0.8867223145045611,0.6990430878374322,1.1414892453142909
M0,27,capture,grasp,0.06652769686730804,-0.006812140046848008,0.13096603912570956,0.15123736846131047,0.22622621819484662,1.0645228932368915,1.066527696867308,0.993187859953152,1.1309660391257095
M0,27,capture,compression,-0.0782159712517939,-0.22716412136038394,0.041534337471231635,0.31478911411673427,0.4772329950754156,0.9155877555077739,0.9217840287482062,0.7728358786396159,1.0415343374712316
M0,27,capture,velocity,-0.006253708714859646,-0.2842048780062421,1.1249805472147305,0.23282845212782446,2.067994727568729,1.1749319321774694,0.9937462912851405,0.7157951219937579,2.1249805472147303
M0,27,capture,smoothness,0.050706423963732136,-0.26205622368466625,0.7236486234699792,0.22848190855172085,0.9531694126637267,1.121618274439133,1.050706423963732,0.7379437763153338,1.723648623469979
M0,27,hold,object,1.0518628948905935,0.2884103227448708,1.6828960591672064,1.0707403513415379,2.2220556153124,2.0278828060641803,2.051862894890593,1.2884103227448709,2.6828960591672066
M0,27,hold,grasp,-0.04504205671328681,-0.12614274917656118,0.028835308352749507,0.18973191393899339,0.2621283439223714,0.9526178372209885,0.9549579432867131,0.8738572508234388,1.0288353083527497
M0,27,hold,compression,0.31020017967262825,0.021688310902554887,0.3851763063682747,0.33054572925367676,0.5193100181727842,1.2739559915764187,1.3102001796726281,1.021688310902555,1.3851763063682747
M0,27,hold,velocity,0.10893993080286378,-0.44549431006263646,0.24592921503155551,0.1809666744275279,1.094643417023579,0.9916949906673633,1.1089399308028638,0.5545056899373635,1.2459292150315555
M0,27,hold,smoothness,-0.04180459295266932,-0.29833429317701915,0.22397133804436298,0.16091761431957752,0.7207823911324449,0.9665958370628542,0.9581954070473306,0.7016657068229809,1.2239713380443629
